{"stats":{"minecraft:crafted":{"minecraft:oak_sign":3,"mythicmetals:aquarium_shovel":1,"minecraft:bookshelf":28,"minecraft:glass":43,"minecraft:diamond_helmet":1,"minecraft:diamond_leggings":1,"regions_unexplored:palm_planks":56,"minecraft:emerald":9,"minecraft:jungle_boat":5,"naturescompass:naturescompass":1,"minecraft:compass":1,"minecraft:iron_pickaxe":2,"minecraft:sandstone":56,"mythicmetals:manganese_ingot":4,"minecraft:stone_shovel":2,"minecraft:iron_nugget":171,"minecraft:bone_meal":9,"minecraft:lantern":21,"minecraft:spruce_stairs":12,"minecraft:spruce_slab":90,"minecraft:stone_pickaxe":1,"mythicmetals:aquarium_axe":1,"minecraft:dark_oak_planks":152,"minecraft:wheat":270,"minecraft:enchanting_table":1,"minecraft:sandstone_slab":24,"minecraft:wooden_axe":1,"minecraft:oak_stairs":64,"minecraft:iron_shovel":5,"minecraft:iron_leggings":2,"minecraft:oak_planks":928,"minecraft:cobblestone_slab":474,"minecraft:cobblestone_stairs":32,"minecraft:stone":438,"mythicmetals:aquarium_chestplate":1,"minecraft:hopper":4,"minecraft:iron_boots":1,"minecraft:chest":49,"minecraft:oak_fence":6,"mythicmetals:tin_ingot":3,"minecraft:smoker":3,"minecraft:oak_slab":18,"minecraft:crafting_table":10,"minecraft:spruce_planks":364,"minecraft:wooden_pickaxe":1,"minecraft:iron_helmet":2,"mythicmetals:aquarium_pickaxe":3,"minecraft:iron_chestplate":1,"minecraft:diamond_pickaxe":2,"minecraft:stick":182,"minecraft:iron_ingot":304,"minecraft:oak_door":3,"inmis:gilded_backpack":1,"minecraft:furnace":17,"minecraft:dark_oak_trapdoor":48,"inmis:bejeweled_backpack":1,"minecraft:oak_trapdoor":26,"minecraft:iron_axe":3,"regions_unexplored:palm_trapdoor":18,"minecraft:cooked_salmon":32,"mythicmetals:silver_ingot":6,"minecraft:stone_axe":2,"minecraft:bread":89,"minecraft:air":0,"minecraft:jungle_planks":48,"minecraft:stonecutter":1,"minecraft:acacia_planks":12,"minecraft:torch":116,"mythicmetals:aquarium_ingot":28,"minecraft:diamond_chestplate":1},"minecraft:picked_up":{"wizards:staff_arcane":1,"minecraft:chainmail_boots":1,"minecraft:flower_pot":1,"minecraft:diamond_sword":2,"minecraft:oak_stairs":69,"minecraft:wither_rose":4,"minecraft:enchanted_book":6,"minecraft:golden_sword":1,"minecraft:amethyst_block":3,"minecraft:string":53,"mythicmetals:raw_aquarium":29,"minecraft:cooked_salmon":17,"graveyard:sarcophagus":25,"minecraft:beetroot":7,"minecraft:gold_nugget":11,"minecraft:cobbled_deepslate":258,"bosses_of_mass_destruction:soul_star":1,"minecraft:spruce_planks":2,"inmis:plated_backpack":1,"minecraft:written_book":3,"paladins:diamond_claymore":1,"minecraft:acacia_log":6,"spellbladenext:flaming_falchion":3,"minecraft:golden_axe":1,"regions_unexplored:raw_redstone_block":1,"minecraft:stone_sword":4,"mythicmetals:raw_manganese":33,"villagersplus:occultist_table":1,"villagersplus:alchemist_table":1,"minecraft:iron_bars":9,"minecraft:magma_block":5,"minecraft:polished_diorite_slab":1,"minecraft:feather":2,"farmersdelight:rice":2,"minecraft:iron_door":1,"minecraft:water_bucket":2,"minecraft:jungle_log":17,"minecraft:smoker":6,"mcdw:glaive_cackling_broom":2,"minecraft:map":1,"minecraft:lantern":23,"mythicmetals:carmot_staff_smithing_template":1,"lootr:trophy":1,"minecraft:chipped_anvil":1,"frostiful:frost_tipped_arrow":2,"minecraft:stonecutter":1,"jewelry:copper_ring":1,"ftbquests:book":1,"graveyard:white_urn":1,"galosphere:raw_silver":18,"minecraft:moss_block":45,"mythicmetals:raw_silver":25,"patchouli:guide_book":1,"archon:earth_gem":4,"hybrid-aquatic:piranha":7,"regions_unexplored:palm_log":14,"minecraft:loom":2,"minecraft:barrel":2,"minecraft:dark_oak_log":50,"minecraft:dispenser":1,"minecraft:writable_book":1,"bewitchment:ectoplasm":1,"qu-enchantments:rune_1":1,"minecraft:jack_o_lantern":1,"twigs:rhyolite":1,"minecraft:bricks":2,"minecraft:diamond_pickaxe":2,"minecraft:crafting_table":3,"minecraft:sandstone_slab":20,"mutantmonsters:mutant_skeleton_arms":1,"minecraft:golden_pickaxe":1,"graveyard:dark_iron_ingot":1,"minecraft:red_bed":15,"minecraft:iron_shovel":1,"graveyard:soul_fire_brazier":10,"dungeonnowloading:spawner_fragment":20,"clutter:raw_silver":10,"minecraft:cracked_stone_bricks":3,"minecraft:jungle_sapling":8,"spellbladenext:fire_claymore":1,"minecraft:iron_nugget":13,"minecraft:spruce_slab":21,"minecraft:chest":22,"spellbladenext:arcane_blade":2,"minecraft:egg":1,"minecraft:sandstone":411,"minecraft:polished_deepslate_slab":5,"minecraft:stone":2,"minecraft:oak_door":3,"wizards:wizard_robe_legs":1,"minecraft:spruce_fence":9,"mcda:evocation_robe_leggings":1,"mythicmetals:raw_tin":8,"graveyard:dark_iron_bars":1,"minecraft:carrot":14,"minecraft:redstone":22,"mcdar:flaming_quiver":2,"minecraft:beetroot_seeds":3,"mcda:phantom_bones":1,"minecraft:deepslate_bricks":2,"minecraft:diamond_boots":1,"minecraft:hay_block":32,"spell_engine:spell_binding":4,"minecraft:cracked_deepslate_bricks":1,"minecraft:gold_ingot":1,"minecraft:totem_of_undying":1,"minecraft:bone_block":15,"soaringstructures2:bunch_heavenly_petals":4,"mythicmounts:firebird_feather4":3,"minecraft:filled_map":6,"smallships:spruce_drakkar":2,"graveyard:spruce_coffin":3,"minecraft:oak_log":726,"bewitchment:aconite_seeds":7,"minecraft:apple":33,"minecraft:stone_bricks":9,"minecraft:stone_pickaxe":1,"minecraft:cobweb":44,"minecraft:glass_bottle":1,"spellbladenext:arcane_claymore":1,"endrem:witch_pupil":1,"archon:sky_gem":2,"minecraft:gravel":2,"minecraft:spruce_sapling":38,"minecraft:spruce_log":155,"minecraft:leather_helmet":1,"minecraft:stone_axe":1,"spellbladenext:spelloil":1,"minecraft:melon_seeds":3,"minecraft:hopper":7,"minecraft:ender_pearl":1,"archon:magical_bookshelf":4,"clutter:clam":2,"livingthings:crab":8,"minecraft:wheat":33,"illagerinvasion:platinum_chunk":3,"travellersbootsreloaded:travellers_boots_tier1":1,"soulsweapons:moonstone":5,"minecraft:potion":1,"minecraft:stone_brick_stairs":1,"mythicmetals:raw_kyber":5,"minecraft:raw_copper":103,"minecraft:iron_leggings":2,"minecraft:armor_stand":3,"minecraft:experience_bottle":1,"minecraft:oak_sign":2,"mcdar:iron_hide_amulet":1,"minecraft:deepslate_tiles":2,"twigs:pebble":2,"minecraft:cobblestone_slab":12,"minecraft:calcite":1,"minecraft:iron_pickaxe":5,"minecraft:iron_boots":1,"minecraft:furnace":10,"minecraft:tipped_arrow":27,"minecraft:stick":20,"soaringstructures2:heavenly_cup":1,"clutter:cow_plushie":1,"minecraft:oak_fence":2,"minecraft:torch":62,"minecraft:spruce_stairs":4,"twigs:bamboo_leaves":13,"minecraft:porkchop":2,"artifality:balloon":1,"spellbladenext:frost_orb":1,"minecraft:dried_kelp":19,"mythicmetals:morkite":14,"mutantmonsters:hulk_hammer":1,"minecraft:rotten_flesh":27,"graveyard:gray_urn":2,"minecraft:cobblestone":1255,"archon:cloudshot_tome":1,"minecraft:nautilus_shell":2,"spellbladenext:monkeystaff":1,"minecraft:potato":25,"paraglider:spirit_orb":14,"minecraft:tuff":3,"graveyard:dark_iron_door":3,"minecraft:lapis_lazuli":1,"minecraft:dirt":1580,"minecraft:cut_sandstone_slab":6,"mcdar:boots_of_swiftness":1,"minecraft:bone":124,"minecraft:bow":1,"minecraft:wheat_seeds":29,"minecraft:raw_gold":33,"minecraft:cobbled_deepslate_slab":1,"minecraft:mossy_stone_bricks":1,"minecraft:bamboo":44,"twigs:twig":169,"minecraft:oak_planks":66,"spellbladenext:fire_orb":1,"betterarcheology:artifact_shards":1,"minecraft:poisonous_potato":5,"minecraft:sand":491,"minecraft:jungle_planks":4,"mythicmetals:raw_quadrillum":3,"minecraft:mossy_cobblestone":1,"galosphere:silver_nugget":3,"artifacts:plastic_drinking_hat":1,"clutter:copper_coin":33,"minecraft:diamond":45,"minecraft:crossbow":6,"minecraft:bone_meal":9,"soulsweapons:verglas":1,"minecraft:spruce_sign":8,"minecraft:emerald":25,"mcdar:buzzy_nest":1,"minecraft:chiseled_red_sandstone":1,"minecraft:oak_sapling":146,"tridents_n_stuff:prismarine_harpoon":10,"minecraft:charcoal":9,"digs_dnd_origins:black_scale":1,"promenade:blunite":39,"minecraft:shield":7,"minecraft:oak_trapdoor":11,"minecraft:moss_carpet":9,"minecraft:item_frame":29,"graveyard:corruption":39,"mcdar:golem_kit":1,"minecraft:lectern":6,"minecraft:tinted_glass":2,"minecraft:spruce_trapdoor":6,"minecraft:phantom_membrane":2,"minecraft:dark_oak_sapling":4,"minecraft:raw_iron":272,"minecraft:copper_ingot":31,"minecraft:stone_button":1,"minecraft:trident":2,"meadow:inky_wool":2,"mythicmetals:aquarium_pickaxe":2,"berserker_rpg:golden_berserker_axe":1,"mythicmetals:raw_runite":4,"minecraft:arrow":52,"clutter:bonfire":1,"bewitchment:garlic":2,"xtraarrows:vex_wing":13,"artifacts:cowboy_hat":1,"mutantmonsters:mutant_skeleton_rib":5,"witcher_rpg:dark_iron_witcher_sword":2,"minecraft:skeleton_skull":3,"regions_unexplored:peat_dirt":3,"minecraft:jungle_boat":11,"minecraft:basalt":3,"minecraft:salmon":96,"minecraft:cut_sandstone":43,"mcdar:death_cap_mushroom":2,"minecraft:chainmail_chestplate":2,"minecraft:gunpowder":12,"mythicmetals:aquarium_chestplate":1,"minecraft:smooth_sandstone":13,"bewitchment:mandrake_seeds":4,"minecraft:iron_ingot":41,"minecraft:acacia_sapling":1,"minecraft:oak_slab":4,"minecraft:book":80,"minecraft:scaffolding":23,"minecraft:pink_bed":1,"minecraft:emerald_block":2,"minecraft:stone_brick_slab":1,"bewitchment:belladonna_seeds":3,"minecraft:amethyst_shard":50,"bewitchment:salt":21,"minecraft:blast_furnace":8,"minecraft:white_bed":1,"clutter:common_coin_pouch":1,"minecraft:mossy_stone_brick_slab":4,"minecraft:spider_eye":14,"minecraft:cut_red_sandstone":2,"minecraft:dried_kelp_block":31,"regions_unexplored:blackwood_sapling":1,"minecraft:coal":136},"minecraft:broken":{"minecraft:iron_boots":2,"minecraft:iron_chestplate":1,"minecraft:iron_leggings":2,"mythicmetals:aquarium_axe":1,"mythicmetals:aquarium_pickaxe":2,"minecraft:iron_axe":2,"minecraft:iron_pickaxe":2,"minecraft:iron_helmet":2,"minecraft:iron_shovel":4,"simplyswords:gold_cutlass":1,"minecraft:stone_axe":2,"minecraft:stone_shovel":2},"minecraft:killed":{"guardvillagers:guard":1,"minecraft:cave_spider":2,"graveyard:wraith":19,"minecraft:skeleton":15,"graveyard:acolyte":2,"minecraft:chicken":1,"livingthings:mantaray":3,"endermanoverhaul:savanna_enderman":1,"minecraft:pillager":10,"archon:mana_leech":2,"minecraft:zombie":27,"minecraft:evoker":1,"graveyard:corrupted_vindicator":27,"minecraft:vindicator":5,"illagerinvasion:marauder":1,"livingthings:crab":3,"mythicmounts:firebird":1,"wildlife:lark":1,"hybrid-aquatic:piranha":3,"minecraft:witch":3,"minecraft:spider":14,"minecraft:pig":1,"minecraft:zombie_villager":2,"bewitchment:raven":2,"minecraft:stray":3,"graveyard:corrupted_pillager":19,"minecraft:vex":6,"minecraft:phantom":4,"minecraft:drowned":37,"wildlife:hermitcrab":1,"mutantmonsters:mutant_zombie":1},"minecraft:mined":{"minecraft:cut_sandstone_slab":4,"minecraft:white_bed":1,"graveyard:pedestal":1,"minecraft:pink_bed":1,"graveyard:gray_urn":2,"minecraft:chiseled_red_sandstone":1,"minecraft:acacia_log":8,"minecraft:jungle_log":1,"minecraft:deepslate_bricks":1,"minecraft:hopper":7,"minecraft:chiseled_stone_bricks":2,"minecraft:spawner":9,"minerally:geode":1,"minecraft:magma_block":3,"minecraft:cobbled_deepslate":7,"minecraft:fire":22,"minecraft:barrel":2,"minecraft:moss_carpet":6,"clutter:cow_plushie":1,"minecraft:polished_deepslate_slab":2,"minecraft:water_cauldron":6,"minecraft:oak_stairs":69,"minecraft:small_amethyst_bud":2,"minecraft:tripwire":1,"minecraft:sandstone_slab":19,"minecraft:cut_sandstone":43,"minecraft:red_bed":15,"minecraft:smoker":7,"minecraft:amethyst_cluster":10,"minecraft:torch":35,"minecraft:blast_furnace":8,"regions_unexplored:peat_grass_block":1,"minecraft:melon":1,"galosphere:silver_ore":11,"minecraft:spruce_wall_sign":2,"minecraft:amethyst_block":1,"minecraft:skeleton_skull":1,"minecraft:tinted_glass":1,"minecraft:stone_brick_stairs":2,"minecraft:grass":69,"archon:earth_node":2,"minecraft:loom":2,"minecraft:smooth_basalt":1,"twigs:rhyolite":1,"minecraft:stonecutter":3,"minecraft:cut_red_sandstone":1,"minecraft:deepslate":259,"minecraft:deepslate_tiles":2,"minecraft:mossy_cobblestone":4,"minecraft:jack_o_lantern":1,"mythicmetals:silver_ore":15,"minecraft:spruce_fence":9,"graveyard:tg_deepslate":6,"minecraft:moss_block":50,"minecraft:redstone_ore":4,"minerally:redstone_pile_0":1,"mythicmetals:kyber_ore":1,"clutter:bonfire":1,"minecraft:andesite":1,"graveyard:sarcophagus":17,"minecraft:cobblestone_slab":8,"minecraft:vine":2,"minecraft:bamboo":7,"minecraft:bone_block":15,"minecraft:cake":1,"graveyard:small_blue_urn":1,"minecraft:oak_slab":3,"minecraft:glass_pane":14,"minecraft:stone_brick_slab":2,"minecraft:smooth_sandstone":13,"minerally:redstone_pile":1,"minecraft:emerald_ore":8,"clutter:pearl_clam_block":3,"minecraft:tall_grass":21,"minecraft:copper_ore":10,"minecraft:dried_kelp_block":27,"minecraft:deepslate_gold_ore":29,"minecraft:cracked_deepslate_bricks":1,"graveyard:vase_block":6,"betterarcheology:loot_vase_creeper":3,"minecraft:spruce_log":11,"hybrid-aquatic:message_in_a_bottle":1,"minecraft:gravel":3,"minecraft:cobweb":30,"minecraft:stone_bricks":20,"minecraft:chipped_anvil":1,"minecraft:fern":10,"minecraft:large_amethyst_bud":2,"minecraft:spruce_planks":2,"minecraft:oak_sapling":10,"minecraft:mossy_stone_brick_slab":1,"minecraft:spruce_trapdoor":2,"minecraft:grass_block":663,"archon:cloud_iron":4,"graveyard:dark_iron_door":4,"minecraft:polished_diorite":3,"archon:sky_node":2,"minecraft:iron_ore":274,"graveyard:leaning_wither_skeleton":1,"minecraft:potted_red_mushroom":1,"minecraft:iron_bars":14,"minerally:diamond_rock":1,"minecraft:spruce_slab":15,"archon:magical_bookshelf":5,"graveyard:white_urn":1,"minecraft:medium_amethyst_bud":2,"graveyard:spruce_coffin":3,"minecraft:calcite":2,"minecraft:poppy":1,"minecraft:chest":21,"minecraft:cobblestone":202,"minecraft:oak_planks":64,"minecraft:wall_torch":18,"lootr:trophy":1,"mythicmetals:aquarium_ore":22,"mythicmetals:manganese_ore":20,"minecraft:cracked_deepslate_tiles":1,"minecraft:oak_log":226,"regions_unexplored:peat_dirt":2,"minecraft:sand":569,"minecraft:dirt":909,"villagersplus:alchemist_table":1,"minecraft:tripwire_hook":1,"villagersplus:occultist_table":1,"minecraft:dispenser":5,"minecraft:oak_leaves":41,"minecraft:emerald_block":1,"soulsweapons:verglas_ore":1,"minecraft:dark_oak_leaves":3,"minecraft:deepslate_diamond_ore":25,"minecraft:candle":1,"mythicmetals:calcite_kyber_ore":3,"minecraft:glow_lichen":3,"minecraft:soul_campfire":1,"minecraft:spruce_leaves":8,"regions_unexplored:raw_redstone_block":2,"minecraft:sandstone":392,"minecraft:hay_block":33,"graveyard:soul_fire_brazier":5,"minecraft:oak_trapdoor":11,"minecraft:spruce_sapling":1,"minecraft:furnace":12,"minerally:redstone_pile_1":1,"mythicmetals:tin_ore":7,"treechop:chopped_log":59,"minecraft:bookshelf":26,"bewitchment:salt_ore":10,"minecraft:lantern":23,"mythicmetals:runite_ore":2,"regions_unexplored:medium_grass":1,"minecraft:stone":1076,"minecraft:podzol":2,"minecraft:acacia_leaves":17,"minecraft:scaffolding":20,"promenade:blunite":38,"minecraft:basalt":3,"graveyard:small_light_gray_urn":1,"minecraft:oak_fence":1,"minecraft:crafting_table":4,"minecraft:lectern":6,"minecraft:stone_slab":6,"minecraft:spruce_stairs":3,"witcher_rpg:deepslate_silver_ore":2,"spell_engine:spell_binding":4,"regions_unexplored:redwood_leaves":2,"graveyard:dark_iron_bars":1,"minecraft:coal_ore":50,"minecraft:flower_pot":1,"graveyard:leaning_skeleton":1,"minecraft:cracked_stone_bricks":4,"minecraft:mossy_stone_bricks":5},"minecraft:used":{"minecraft:jack_o_lantern":1,"minecraft:spruce_slab":103,"minecraft:chest":64,"minecraft:stone":295,"lootr:trophy":2,"graveyard:white_urn":1,"travellersbootsreloaded:travellers_boots_tier1":1,"minecraft:lava_bucket":3,"minecraft:stone_brick_stairs":1,"mutantmonsters:hulk_hammer":1,"minecraft:oak_sapling":72,"minecraft:furnace":17,"minecraft:wooden_pickaxe":19,"villagersplus:alchemist_table":1,"minecraft:jungle_boat":12,"minecraft:dark_oak_trapdoor":46,"minecraft:sand":32,"minecraft:cut_sandstone_slab":2,"minecraft:blast_furnace":8,"minecraft:cut_red_sandstone":2,"minecraft:diamond_sword":97,"clutter:cow_plushie":2,"minecraft:oak_trapdoor":30,"minecraft:enchanting_table":1,"minecraft:armor_stand":1,"spellbladenext:monkeystaff":4,"minecraft:tinted_glass":1,"minecraft:cooked_salmon":49,"minecraft:torch":148,"minecraft:chipped_anvil":1,"spellbladenext:flaming_falchion":879,"minecraft:iron_axe":419,"villagersplus:occultist_table":1,"minecraft:barrel":2,"soaringstructures2:heavenly_tea":2,"minecraft:water_bucket":90,"mythicmetals:aquarium_shovel":717,"minecraft:cracked_stone_bricks":1,"minecraft:oak_slab":12,"minecraft:crafting_table":13,"minecraft:red_bed":14,"minecraft:oak_log":473,"minecraft:diamond_pickaxe":1049,"minecraft:iron_pickaxe":567,"minecraft:spruce_sapling":33,"simplyswords:gold_cutlass":29,"minecraft:pink_bed":1,"minecraft:cobblestone":1369,"minecraft:potion":1,"minecraft:sandstone_slab":44,"minecraft:glass_pane":52,"berserker_rpg:golden_berserker_axe":1,"minecraft:iron_shovel":901,"minecraft:oak_sign":1,"minecraft:shield":16,"minecraft:glass":2,"graveyard:gray_urn":2,"witcher_rpg:dark_iron_witcher_sword":5,"spellbladenext:frost_orb":1,"minecraft:lantern":34,"minecraft:stone_bricks":57,"minecraft:item_frame":33,"minecraft:scaffolding":14,"minecraft:hay_block":2,"minecraft:written_book":1,"mythicmetals:aquarium_pickaxe":1362,"minecraft:dark_oak_sapling":4,"clutter:bonfire":1,"minecraft:stone_pickaxe":17,"minecraft:oak_planks":398,"minecraft:sandstone":67,"paladins:diamond_claymore":4,"graveyard:spruce_coffin":3,"minecraft:loom":2,"minecraft:crossbow":5,"minecraft:bread":24,"promenade:blunite":20,"minecraft:bone_meal":9,"minecraft:experience_bottle":25,"minecraft:oak_fence":7,"minecraft:trident":2,"graveyard:sarcophagus":17,"minecraft:stone_shovel":300,"minecraft:spruce_planks":12,"minecraft:oak_door":4,"minecraft:dirt":887,"minecraft:hopper":11,"minecraft:spruce_stairs":12,"regions_unexplored:palm_trapdoor":18,"minecraft:spruce_fence":9,"minecraft:wooden_axe":29,"minecraft:bookshelf":37,"minecraft:oak_stairs":117,"mythicmetals:aquarium_axe":367,"simplyswords:diamond_greathammer":58,"minecraft:iron_boots":1,"minecraft:cobblestone_stairs":27,"minecraft:baked_potato":5,"minecraft:cut_sandstone":6,"minecraft:stonecutter":1,"minecraft:cobblestone_slab":436,"graveyard:soul_fire_brazier":5,"mcdar:buzzy_nest":1,"minecraft:smoker":7,"minecraft:stone_axe":266,"minecraft:bucket":92,"archon:magical_bookshelf":4},"minecraft:killed_by":{"minecraft:vex":2,"mutantmonsters:mutant_skeleton":2,"minecraft:witch":5,"minecraft:player":7,"minecraft:spider":1},"minecraft:dropped":{"artifality:balloon":2,"minecraft:porkchop":2,"clutter:clam":2,"minecraft:glass_bottle":2,"minecraft:diamond":7,"mythicmetals:raw_silver":2,"spellbladenext:arcane_claymore":1,"minecraft:crossbow":4,"mythicmetals:raw_runite":2,"minecraft:cracked_stone_bricks":2,"minecraft:saddle":2,"minecraft:cut_sandstone_slab":4,"graveyard:corruption":10,"minecraft:leather_helmet":1,"minecraft:item_frame":16,"minecraft:emerald":1,"bewitchment:aconite_seeds":7,"twigs:pebble":2,"minecraft:dirt":106,"mythicmounts:firebird_feather4":3,"minecraft:stone_button":1,"minecraft:dark_oak_trapdoor":2,"minecraft:jungle_sapling":8,"minecraft:writable_book":1,"minecraft:bone_meal":9,"minecraft:sand":11,"minecraft:iron_pickaxe":4,"minecraft:dark_oak_planks":8,"bewitchment:belladonna_seeds":3,"minecraft:bone":2,"mcdar:death_cap_mushroom":2,"minecraft:stone_axe":1,"minecraft:emerald_block":1,"minecraft:iron_nugget":3,"bewitchment:salt":1,"minecraft:cobbled_deepslate":2,"minecraft:tinted_glass":1,"minecraft:wheat":67,"minecraft:rotten_flesh":18,"minecraft:oak_planks":1,"minecraft:tipped_arrow":53,"minecraft:deepslate_tiles":2,"minecraft:charcoal":2,"minecraft:acacia_sapling":1,"minecraft:leather_leggings":1,"minecraft:spruce_slab":8,"minecraft:enchanted_book":2,"minecraft:iron_ingot":24,"minecraft:wheat_seeds":25,"endrem:witch_pupil":1,"clutter:copper_coin":33,"spellbladenext:fire_orb":1,"minecraft:feather":2,"minecraft:cobblestone":30,"mythicmetals:aquarium_chestplate":1,"minecraft:coal":4,"minecraft:cobweb":46,"minecraft:wooden_axe":1,"minecraft:oak_stairs":1,"minecraft:jungle_boat":4,"graveyard:soul_fire_brazier":5,"paladins:diamond_claymore":1,"minecraft:iron_shovel":1,"minecraft:smooth_sandstone":8,"minecraft:string":48,"minecraft:acacia_planks":4,"minecraft:spruce_sapling":4,"minecraft:stone_brick_slab":2,"mythicmetals:aquarium_pickaxe":2,"travellersbootsreloaded:travellers_boots_tier1":1,"twigs:rhyolite":1,"minecraft:moss_carpet":9,"minecraft:stone_sword":4,"minecraft:chiseled_red_sandstone":1,"minecraft:polished_deepslate_slab":5,"minecraft:cobbled_deepslate_slab":1,"mythicmetals:raw_kyber":2,"minecraft:oak_sign":2,"galosphere:silver_nugget":3,"minecraft:diamond_sword":1,"minecraft:stone":4,"minecraft:flower_pot":1,"bewitchment:mandrake_seeds":3,"minecraft:spruce_trapdoor":4,"minecraft:spruce_planks":1,"minecraft:diamond_pickaxe":2,"minecraft:spider_eye":12,"minecraft:stone_bricks":1,"minecraft:sandstone":64,"minecraft:bow":1,"berserker_rpg:golden_berserker_axe":1,"livingthings:crab":8,"minecraft:magma_block":5,"spellbladenext:arcane_blade":2,"graveyard:dark_iron_bars":1,"minecraft:spruce_sign":6,"minecraft:moss_block":41,"mythicmetals:raw_tin":2,"minecraft:oak_log":2,"minecraft:lantern":1,"spell_engine:spell_binding":1,"mcda:evocation_robe_leggings":1,"farmersdelight:rice":1,"minecraft:dispenser":1,"hybrid-aquatic:piranha":3,"betternether:bowl_upgrade_smithing_template":1,"spellbladenext:flaming_falchion":3,"smallships:spruce_drakkar":1,"twigs:twig":62,"minecraft:gold_ingot":2,"minecraft:armor_stand":1,"regions_unexplored:raw_redstone_block":1,"mythicmetals:raw_quadrillum":2,"tridents_n_stuff:prismarine_harpoon":5,"minecraft:mossy_stone_brick_slab":6,"soaringstructures2:bunch_heavenly_petals":1,"archon:sky_gem":2,"patchouli:guide_book":1,"minecraft:chainmail_chestplate":2,"regions_unexplored:peat_dirt":3,"minecraft:trident":1,"minecraft:gunpowder":12,"promenade:blunite":19,"minecraft:beetroot_seeds":1,"minecraft:melon_seeds":3,"minecraft:chainmail_boots":1,"spellbladenext:fire_claymore":1,"minecraft:arrow":9,"minecraft:basalt":3,"minecraft:iron_bars":5,"minecraft:written_book":3,"wizards:staff_arcane":1,"minecraft:water_bucket":2,"twigs:bamboo_leaves":13,"minecraft:mossy_cobblestone":1,"minecraft:golden_axe":1,"minecraft:spruce_stairs":1,"minecraft:acacia_log":3,"witcher_rpg:dark_iron_witcher_sword":1,"minecraft:stick":68,"illagerinvasion:platinum_chunk":1,"spellbladenext:spelloil":1,"mythicmetals:raw_aquarium":1,"minecraft:iron_door":1,"bewitchment:garlic":2,"minecraft:iron_leggings":1,"minecraft:wither_rose":4,"minecraft:iron_axe":1,"mythicmetals:aquarium_ingot":2,"graveyard:dark_iron_door":3,"mcdar:flaming_quiver":1,"minecraft:raw_copper":8,"minecraft:raw_iron":10,"spellbladenext:frost_orb":1,"minecraft:glass_pane":2,"dungeonnowloading:spawner_fragment":20,"spellbladenext:monkeystaff":1,"minecraft:deepslate_bricks":1,"soaringstructures2:heavenly_cup":3,"minecraft:filled_map":2,"minecraft:shield":5,"regions_unexplored:blackwood_sapling":1,"minecraft:mossy_stone_bricks":1,"minecraft:oak_sapling":91,"minecraft:golden_sword":2,"minecraft:diamond_boots":1,"minecraft:stone_pickaxe":2,"minecraft:wooden_pickaxe":1,"minecraft:raw_gold":4,"graveyard:sarcophagus":8,"frostiful:frost_tipped_arrow":2,"minecraft:cracked_deepslate_bricks":1,"minecraft:nautilus_shell":2,"xtraarrows:vex_wing":13},"minecraft:custom":{"minecraft:interact_with_crafting_table":137,"minecraft:open_barrel":70,"minecraft:bell_ring":21,"minecraft:eat_cake_slice":3,"minecraft:leave_game":9,"minecraft:time_since_death":44484,"minecraft:damage_blocked_by_shield":865,"minecraft:play_time":825341,"minecraft:deaths":28,"minecraft:jump":8693,"minecraft:enchant_item":2,"minecraft:interact_with_furnace":64,"minecraft:sleep_in_bed":4,"minecraft:damage_dealt":53263,"minecraft:interact_with_smoker":17,"minecraft:inspect_dispenser":3,"minecraft:horse_one_cm":110120,"minecraft:interact_with_anvil":3,"minecraft:inspect_hopper":1,"minecraft:sneak_time":55321,"minecraft:interact_with_lectern":1,"minecraft:interact_with_blast_furnace":30,"minecraft:total_world_time":825341,"minecraft:tune_noteblock":2,"minecraft:interact_with_stonecutter":2,"minecraft:time_since_rest":7342,"minecraft:swim_one_cm":729203,"minecraft:fly_one_cm":1644940,"minecraft:open_chest":346,"minecraft:fall_one_cm":245077,"lootr:looted_stat":142,"minecraft:damage_resisted":0,"minecraft:sprint_one_cm":1703627,"minecraft:drop":349,"minecraft:talked_to_villager":13,"minecraft:interact_with_brewingstand":4,"minecraft:walk_on_water_one_cm":92007,"minecraft:interact_with_loom":2,"minecraft:open_enderchest":1,"minecraft:crouch_one_cm":197766,"minecraft:mob_kills":222,"minecraft:interact_with_campfire":17,"minecraft:damage_dealt_resisted":1361,"minecraft:climb_one_cm":15697,"minecraft:walk_one_cm":1930219,"minecraft:walk_under_water_one_cm":594163,"minecraft:boat_one_cm":21973,"minecraft:hex":0,"minecraft:damage_taken":16753,"minecraft:threat":22}},"DataVersion":3465}