{"stats":{"minecraft:killed":{"guardvillagers:guard":3,"minecraft:cave_spider":2,"graveyard:wraith":19,"illagerinvasion:basher":5,"minecraft:skeleton":26,"graveyard:acolyte":2,"minecraft:chicken":1,"illagerinvasion:necromancer":2,"livingthings:mantaray":3,"mutantmonsters:mutant_skeleton":1,"endermanoverhaul:savanna_enderman":1,"minecraft:pillager":18,"archon:mana_leech":2,"minecraft:zombie":40,"minecraft:evoker":2,"graveyard:corrupted_vindicator":27,"minecraft:vindicator":11,"hybrid-aquatic:lightfoot_crab":1,"illagerinvasion:marauder":9,"livingthings:crab":4,"mythicmounts:firebird":1,"wildlife:lark":1,"hybrid-aquatic:piranha":3,"minecraft:witch":6,"graveyard:skeleton_creeper":2,"minecraft:spider":15,"illagerinvasion:provoker":3,"minecraft:illusioner":1,"minecraft:pig":1,"minecraft:zombie_villager":3,"illagerinvasion:alchemist":3,"minecraft:creeper":8,"bewitchment:raven":2,"illagerinvasion:sorcerer":1,"minecraft:stray":3,"graveyard:corrupted_pillager":19,"minecraft:vex":10,"promenade:duck":1,"minecraft:phantom":4,"mythicmobs:chupacabra":1,"minecraft:drowned":37,"wildlife:hermitcrab":1,"friendsandfoes:iceologer":2,"mutantmonsters:mutant_zombie":2,"minecraft:villager":2},"minecraft:picked_up":{"minecraft:iron_chestplate":1,"wizards:staff_arcane":1,"minecraft:chainmail_boots":2,"minecraft:flower_pot":1,"minecraft:diamond_sword":2,"minecraft:lead":2,"minecraft:oak_stairs":69,"minecraft:wither_rose":4,"minecraft:enchanted_book":6,"minecraft:golden_sword":1,"minecraft:amethyst_block":3,"minecraft:string":75,"mythicmetals:raw_aquarium":29,"minecraft:cooked_salmon":17,"graveyard:sarcophagus":25,"minecraft:beetroot":7,"minecraft:gold_nugget":11,"minecraft:cobbled_deepslate":258,"bosses_of_mass_destruction:soul_star":1,"minecraft:spruce_planks":2,"inmis:plated_backpack":1,"minecraft:written_book":3,"paladins:diamond_claymore":1,"minecraft:acacia_log":32,"spellbladenext:flaming_falchion":3,"spellbladenext:whirlwindoil":3,"minecraft:golden_axe":1,"regions_unexplored:raw_redstone_block":1,"minecraft:golden_chestplate":1,"minecraft:stone_sword":4,"mythicmetals:raw_manganese":33,"villagersplus:occultist_table":1,"farmersdelight:rope":22,"hybrid-aquatic:lightfoot_crab_claw":2,"villagersplus:alchemist_table":1,"minecraft:iron_bars":9,"minecraft:magma_block":5,"minecraft:polished_diorite_slab":1,"minecraft:feather":4,"farmersdelight:rice":3,"minecraft:iron_door":2,"minecraft:water_bucket":2,"minecraft:jungle_log":17,"minecraft:smoker":6,"minecraft:flint":28,"mcdw:glaive_cackling_broom":2,"minecraft:map":1,"minecraft:lantern":31,"mythicmetals:carmot_staff_smithing_template":1,"lootr:trophy":1,"minecraft:chipped_anvil":4,"frostiful:frost_tipped_arrow":2,"minecraft:stonecutter":2,"jewelry:copper_ring":1,"ftbquests:book":1,"graveyard:white_urn":1,"minecraft:glowstone_dust":12,"galosphere:raw_silver":18,"minecraft:moss_block":86,"mythicmetals:raw_silver":25,"patchouli:guide_book":1,"archon:earth_gem":4,"hybrid-aquatic:piranha":7,"minecraft:loom":3,"regions_unexplored:palm_log":14,"minecraft:dark_oak_log":91,"minecraft:barrel":2,"minecraft:dispenser":1,"minecraft:writable_book":1,"minecraft:blue_ice":4,"minecraft:granite":26,"minecraft:chainmail_helmet":2,"bewitchment:ectoplasm":4,"qu-enchantments:rune_1":1,"minecraft:jack_o_lantern":1,"twigs:rhyolite":1,"minecraft:bricks":2,"minecraft:diamond_pickaxe":2,"minecraft:coarse_dirt":6,"minecraft:crafting_table":5,"minecraft:sandstone_slab":126,"mutantmonsters:mutant_skeleton_arms":1,"minecraft:golden_pickaxe":1,"graveyard:dark_iron_ingot":1,"runes:crafting_altar":1,"friendsandfoes:totem_of_illusion":2,"paraglider:heart_container":1,"minecraft:red_bed":22,"minecraft:compass":2,"minecraft:iron_shovel":1,"graveyard:soul_fire_brazier":10,"dungeonnowloading:spawner_fragment":24,"more_rpg_classes:hardened_leather":1,"clutter:raw_silver":10,"minecraft:cracked_stone_bricks":3,"minecraft:poppy":2,"minecraft:jungle_sapling":8,"spellbladenext:fire_claymore":1,"minecraft:iron_nugget":53,"minecraft:spruce_slab":21,"minecraft:chest":24,"spellbladenext:arcane_blade":2,"minecraft:egg":1,"minecraft:sandstone":664,"minecraft:polished_deepslate_slab":5,"minecraft:stone":2,"minecraft:oak_door":3,"wizards:wizard_robe_legs":1,"minecraft:spruce_fence":22,"minecraft:fire_charge":2,"mcda:evocation_robe_leggings":1,"mythicmetals:raw_tin":10,"graveyard:dark_iron_bars":1,"minecraft:carrot":103,"minecraft:redstone":22,"mcdar:flaming_quiver":2,"minecraft:beetroot_seeds":3,"mcda:phantom_bones":1,"minecraft:deepslate_bricks":2,"minecraft:diamond_boots":1,"minecraft:hay_block":32,"minecraft:sandstone_stairs":16,"spell_engine:spell_binding":4,"minecraft:cracked_deepslate_bricks":1,"minecraft:gold_ingot":1,"minecraft:totem_of_undying":2,"minecraft:bone_block":15,"soaringstructures2:bunch_heavenly_petals":12,"mythicmounts:firebird_feather4":3,"minecraft:clock":2,"minecraft:filled_map":6,"smallships:spruce_drakkar":2,"graveyard:spruce_coffin":3,"minecraft:oak_log":814,"bewitchment:aconite_seeds":23,"minecraft:paper":14,"minecraft:white_banner":7,"minecraft:apple":33,"minecraft:stone_bricks":9,"minecraft:stone_pickaxe":1,"minecraft:cobweb":47,"minecraft:glass_bottle":3,"minecraft:iron_sword":2,"spellbladenext:arcane_claymore":1,"endrem:witch_pupil":1,"archon:sky_gem":2,"runes:arcane_stone":1,"minecraft:gravel":2,"clutter:cotton_seeds":2,"minecraft:spruce_sapling":77,"minecraft:spruce_log":399,"minecraft:leather_helmet":2,"minecraft:firework_rocket":8,"minecraft:slime_ball":3,"runes:frost_stone":1,"minecraft:stone_axe":1,"spellbladenext:spelloil":3,"minecraft:painting":1,"minecraft:melon_seeds":3,"minecraft:hopper":7,"minecraft:ender_pearl":1,"archon:magical_bookshelf":4,"clutter:clam":3,"livingthings:crab":10,"minecraft:wheat":33,"illagerinvasion:platinum_chunk":10,"travellersbootsreloaded:travellers_boots_tier1":1,"soulsweapons:moonstone":5,"minecraft:potion":2,"minecraft:stone_brick_stairs":1,"mythicmetals:raw_kyber":5,"minecraft:raw_copper":107,"minecraft:iron_leggings":3,"minecraft:armor_stand":3,"minecraft:experience_bottle":1,"minecraft:oak_sign":2,"mcdar:iron_hide_amulet":1,"minecraft:deepslate_tiles":2,"twigs:pebble":2,"minecraft:cobblestone_slab":38,"minecraft:calcite":1,"minecraft:iron_pickaxe":5,"minecraft:iron_boots":2,"minecraft:furnace":13,"minecraft:tipped_arrow":27,"minecraft:stick":60,"soaringstructures2:heavenly_cup":3,"clutter:cow_plushie":1,"minecraft:oak_fence":2,"minecraft:torch":90,"minecraft:spruce_stairs":4,"twigs:bamboo_leaves":13,"minecraft:porkchop":2,"artifality:balloon":1,"spellbladenext:frost_orb":1,"minecraft:dried_kelp":19,"mythicmetals:morkite":14,"minecraft:goat_horn":1,"mutantmonsters:hulk_hammer":2,"minecraft:rotten_flesh":175,"graveyard:gray_urn":2,"minecraft:cobblestone":1695,"archon:cloudshot_tome":1,"minecraft:nautilus_shell":2,"spellbladenext:monkeystaff":1,"minecraft:potato":25,"paraglider:spirit_orb":14,"minecraft:tuff":3,"minecraft:smooth_sandstone_stairs":1,"graveyard:dark_iron_door":3,"minecraft:lapis_lazuli":1,"minecraft:dirt":7553,"minecraft:cut_sandstone_slab":6,"minecraft:name_tag":1,"mcdar:boots_of_swiftness":1,"minecraft:glass":2,"minecraft:bone":266,"minecraft:bow":2,"minecraft:wheat_seeds":137,"minecraft:raw_gold":33,"minecraft:cobbled_deepslate_slab":1,"minecraft:mossy_stone_bricks":1,"minecraft:cyan_candle":6,"minecraft:bamboo":44,"twigs:twig":241,"minecraft:oak_planks":66,"friendsandfoes:totem_of_freezing":2,"spellbladenext:fire_orb":1,"promenade:duck":1,"betterarcheology:artifact_shards":1,"minecraft:poisonous_potato":10,"minecraft:sand":710,"soaringstructures2:ancient_rose":1,"minecraft:jungle_planks":4,"mythicmetals:raw_quadrillum":3,"minecraft:mossy_cobblestone":1,"galosphere:silver_nugget":24,"artifacts:plastic_drinking_hat":1,"clutter:copper_coin":33,"minecraft:sugar":2,"minecraft:diamond":48,"minecraft:spruce_boat":3,"minecraft:crossbow":9,"minecraft:bone_meal":24,"soulsweapons:verglas":1,"minecraft:spruce_sign":8,"minecraft:emerald":49,"mcdar:buzzy_nest":1,"minecraft:chiseled_red_sandstone":1,"minecraft:oak_sapling":197,"tridents_n_stuff:prismarine_harpoon":10,"minecraft:charcoal":9,"digs_dnd_origins:black_scale":1,"promenade:blunite":39,"minecraft:shield":9,"minecraft:oak_trapdoor":60,"minecraft:moss_carpet":25,"minecraft:iron_axe":3,"minecraft:item_frame":47,"graveyard:corruption":39,"mythicmobs:chupacabra_raw_meat":2,"mcdar:golem_kit":2,"minecraft:lectern":49,"minecraft:tinted_glass":2,"minecraft:spruce_trapdoor":6,"minecraft:phantom_membrane":6,"minecraft:dark_oak_sapling":6,"minecraft:raw_iron":272,"promenade:asphalt":4,"minecraft:copper_ingot":31,"runes:fire_stone":1,"minecraft:stone_button":1,"minecraft:trident":2,"meadow:inky_wool":2,"mythicmetals:aquarium_pickaxe":2,"berserker_rpg:golden_berserker_axe":1,"mythicmetals:raw_runite":4,"minecraft:arrow":89,"clutter:bonfire":1,"bewitchment:garlic":17,"xtraarrows:vex_wing":34,"artifacts:cowboy_hat":1,"mutantmonsters:mutant_skeleton_rib":10,"minecraft:saddle":1,"witcher_rpg:dark_iron_witcher_sword":2,"minecraft:skeleton_skull":6,"regions_unexplored:peat_dirt":3,"minecraft:jungle_boat":34,"minecraft:basalt":3,"minecraft:salmon":96,"minecraft:cut_sandstone":43,"minecraft:leather":3,"mcdar:death_cap_mushroom":2,"minecraft:chainmail_chestplate":2,"minecraft:gunpowder":77,"mythicmetals:aquarium_chestplate":1,"minecraft:smooth_sandstone":35,"bewitchment:mandrake_seeds":19,"minecraft:iron_ingot":42,"minecraft:acacia_sapling":24,"minecraft:book":82,"minecraft:oak_slab":4,"minecraft:scaffolding":23,"minecraft:pink_bed":1,"minecraft:black_candle":9,"minecraft:emerald_block":2,"minecraft:stone_brick_slab":1,"bewitchment:belladonna_seeds":8,"minecraft:amethyst_shard":50,"bewitchment:salt":40,"minecraft:blast_furnace":8,"minecraft:white_bed":2,"clutter:common_coin_pouch":1,"minecraft:mossy_stone_brick_slab":4,"minecraft:spider_eye":26,"minecraft:cut_red_sandstone":2,"minecraft:dried_kelp_block":31,"regions_unexplored:blackwood_sapling":1,"minecraft:chainmail_leggings":1,"minecraft:coal":145},"minecraft:killed_by":{"minecraft:vex":2,"mutantmonsters:mutant_skeleton":2,"minecraft:witch":5,"minecraft:illusioner":1,"minecraft:player":7,"minecraft:spider":1},"minecraft:custom":{"minecraft:interact_with_crafting_table":169,"minecraft:open_barrel":70,"minecraft:bell_ring":21,"minecraft:eat_cake_slice":3,"minecraft:leave_game":10,"minecraft:time_since_death":197558,"minecraft:damage_blocked_by_shield":1245,"minecraft:play_time":1067023,"minecraft:deaths":30,"minecraft:jump":10914,"minecraft:enchant_item":3,"minecraft:interact_with_furnace":67,"minecraft:sleep_in_bed":11,"minecraft:damage_dealt":73981,"minecraft:interact_with_smoker":22,"minecraft:inspect_dispenser":3,"minecraft:horse_one_cm":110120,"minecraft:interact_with_anvil":12,"minecraft:inspect_hopper":6,"minecraft:sneak_time":69422,"minecraft:interact_with_lectern":1,"minecraft:interact_with_blast_furnace":32,"minecraft:total_world_time":1067023,"minecraft:tune_noteblock":2,"minecraft:interact_with_stonecutter":2,"minecraft:time_since_rest":20183,"minecraft:swim_one_cm":730086,"minecraft:fly_one_cm":2333634,"minecraft:open_chest":437,"minecraft:fall_one_cm":283705,"lootr:looted_stat":142,"minecraft:animals_bred":3,"minecraft:damage_resisted":0,"minecraft:sprint_one_cm":2223542,"minecraft:drop":718,"minecraft:talked_to_villager":84,"minecraft:interact_with_brewingstand":4,"minecraft:walk_on_water_one_cm":106010,"minecraft:interact_with_loom":2,"minecraft:open_enderchest":1,"minecraft:crouch_one_cm":264323,"minecraft:mob_kills":323,"minecraft:interact_with_campfire":17,"minecraft:damage_dealt_resisted":1361,"minecraft:climb_one_cm":15697,"minecraft:walk_one_cm":2795062,"minecraft:raid_win":1,"minecraft:walk_under_water_one_cm":601228,"minecraft:boat_one_cm":35843,"minecraft:raid_trigger":1,"minecraft:hex":0,"minecraft:damage_taken":19119,"minecraft:threat":29},"minecraft:crafted":{"minecraft:oak_sign":3,"mythicmetals:aquarium_shovel":3,"minecraft:diamond_shovel":4,"minecraft:bookshelf":28,"minecraft:glass":43,"minecraft:diamond_helmet":1,"minecraft:diamond_leggings":1,"regions_unexplored:palm_planks":56,"minecraft:emerald":9,"minecraft:diamond_axe":1,"minecraft:jungle_boat":5,"naturescompass:naturescompass":1,"minecraft:compass":1,"minecraft:iron_pickaxe":2,"minecraft:gold_ingot":29,"minecraft:sandstone":72,"mythicmetals:manganese_ingot":4,"minecraft:spruce_fence_gate":2,"minecraft:stone_shovel":2,"minecraft:iron_nugget":171,"minecraft:bone_meal":9,"minecraft:spruce_fence":36,"minecraft:lantern":21,"minecraft:spruce_stairs":12,"minecraft:spruce_slab":90,"minecraft:stone_pickaxe":1,"mythicmetals:aquarium_axe":1,"minecraft:spruce_boat":2,"minecraft:dark_oak_planks":152,"minecraft:wheat":270,"minecraft:enchanting_table":1,"minecraft:sandstone_slab":60,"minecraft:wooden_axe":1,"minecraft:oak_stairs":64,"minecraft:iron_shovel":5,"minecraft:iron_leggings":2,"minecraft:oak_planks":940,"minecraft:cobblestone_slab":474,"minecraft:cobblestone_stairs":32,"minecraft:stone":438,"mythicmetals:aquarium_chestplate":1,"minecraft:hopper":4,"minecraft:iron_boots":1,"minecraft:chest":56,"minecraft:rail":256,"minecraft:oak_fence":6,"mythicmetals:tin_ingot":3,"minecraft:smoker":3,"minecraft:oak_slab":18,"minecraft:crafting_table":11,"minecraft:spruce_planks":572,"minecraft:wooden_pickaxe":1,"minecraft:iron_helmet":2,"mythicmetals:aquarium_pickaxe":3,"minecraft:iron_chestplate":1,"minecraft:diamond_pickaxe":2,"minecraft:stick":326,"minecraft:iron_ingot":304,"minecraft:sandstone_stairs":40,"minecraft:oak_door":3,"inmis:gilded_backpack":1,"minecraft:furnace":17,"minecraft:dark_oak_trapdoor":48,"inmis:bejeweled_backpack":1,"minecraft:oak_trapdoor":26,"minecraft:iron_axe":3,"regions_unexplored:palm_trapdoor":18,"minecraft:cooked_beef":36,"minecraft:powered_rail":6,"minecraft:cooked_salmon":32,"mythicmetals:silver_ingot":6,"minecraft:stone_axe":2,"minecraft:bread":89,"minecraft:air":0,"minecraft:jungle_planks":48,"minecraft:stonecutter":1,"minecraft:acacia_planks":60,"minecraft:torch":136,"mythicmetals:aquarium_ingot":32,"minecraft:diamond_chestplate":1},"minecraft:dropped":{"minecraft:iron_sword":2,"artifality:balloon":2,"minecraft:porkchop":2,"clutter:clam":2,"minecraft:glass_bottle":5,"minecraft:diamond":7,"mythicmetals:raw_silver":2,"minecraft:crafting_table":1,"spellbladenext:arcane_claymore":1,"minecraft:sandstone_stairs":2,"minecraft:crossbow":7,"mythicmetals:raw_runite":2,"minecraft:cracked_stone_bricks":2,"minecraft:saddle":2,"promenade:duck":1,"minecraft:cut_sandstone_slab":4,"graveyard:corruption":10,"minecraft:leather_helmet":2,"minecraft:item_frame":16,"minecraft:emerald":1,"bewitchment:aconite_seeds":7,"twigs:pebble":2,"minecraft:dirt":174,"mythicmounts:firebird_feather4":3,"minecraft:stone_button":1,"minecraft:dark_oak_trapdoor":2,"minecraft:jungle_sapling":8,"minecraft:writable_book":1,"minecraft:bone_meal":9,"minecraft:sand":31,"minecraft:iron_pickaxe":4,"minecraft:dark_oak_planks":8,"bewitchment:belladonna_seeds":4,"minecraft:bone":6,"mcdar:death_cap_mushroom":2,"minecraft:stone_axe":1,"minecraft:emerald_block":1,"bewitchment:salt":1,"minecraft:iron_nugget":43,"minecraft:golden_chestplate":1,"minecraft:cobbled_deepslate":2,"minecraft:tinted_glass":1,"minecraft:wheat":67,"minecraft:rotten_flesh":29,"minecraft:oak_planks":1,"minecraft:glowstone_dust":4,"minecraft:tipped_arrow":53,"minecraft:deepslate_tiles":2,"minecraft:charcoal":2,"minecraft:acacia_sapling":1,"minecraft:leather_leggings":1,"minecraft:spruce_slab":8,"minecraft:enchanted_book":2,"minecraft:iron_ingot":24,"minecraft:wheat_seeds":35,"endrem:witch_pupil":1,"clutter:copper_coin":33,"spellbladenext:fire_orb":1,"minecraft:feather":2,"minecraft:cobblestone":36,"mythicmetals:aquarium_chestplate":1,"minecraft:chainmail_helmet":2,"minecraft:coal":4,"minecraft:cobweb":46,"minecraft:wooden_axe":1,"minecraft:oak_stairs":1,"minecraft:white_banner":5,"minecraft:jungle_boat":4,"minecraft:paper":2,"graveyard:soul_fire_brazier":5,"paladins:diamond_claymore":1,"minecraft:iron_shovel":1,"minecraft:chainmail_leggings":1,"minecraft:string":48,"minecraft:smooth_sandstone":12,"minecraft:acacia_planks":4,"minecraft:spruce_sapling":4,"minecraft:stone_brick_slab":2,"mythicmetals:aquarium_pickaxe":2,"travellersbootsreloaded:travellers_boots_tier1":1,"twigs:rhyolite":1,"minecraft:moss_carpet":9,"minecraft:stone_sword":4,"minecraft:chiseled_red_sandstone":1,"minecraft:polished_deepslate_slab":5,"minecraft:iron_boots":1,"minecraft:cobbled_deepslate_slab":1,"promenade:asphalt":2,"mythicmetals:raw_kyber":2,"minecraft:oak_sign":2,"galosphere:silver_nugget":24,"minecraft:diamond_sword":1,"minecraft:stone":4,"minecraft:flower_pot":1,"bewitchment:mandrake_seeds":5,"minecraft:spruce_trapdoor":4,"minecraft:spruce_planks":2,"minecraft:diamond_pickaxe":2,"minecraft:spider_eye":15,"minecraft:stone_bricks":1,"minecraft:sandstone":99,"minecraft:bow":1,"berserker_rpg:golden_berserker_axe":1,"livingthings:crab":10,"minecraft:magma_block":5,"spellbladenext:arcane_blade":2,"graveyard:dark_iron_bars":1,"minecraft:spruce_sign":6,"hybrid-aquatic:lightfoot_crab_claw":2,"minecraft:moss_block":41,"mythicmetals:raw_tin":2,"minecraft:oak_log":2,"minecraft:loom":1,"minecraft:sandstone_slab":7,"minecraft:lantern":1,"spell_engine:spell_binding":1,"mcda:evocation_robe_leggings":1,"farmersdelight:rice":1,"minecraft:dispenser":1,"hybrid-aquatic:piranha":3,"mythicmobs:chupacabra_raw_meat":1,"betternether:bowl_upgrade_smithing_template":1,"spellbladenext:flaming_falchion":3,"smallships:spruce_drakkar":1,"twigs:twig":66,"minecraft:gold_ingot":2,"minecraft:armor_stand":1,"regions_unexplored:raw_redstone_block":1,"mythicmetals:raw_quadrillum":2,"tridents_n_stuff:prismarine_harpoon":5,"minecraft:mossy_stone_brick_slab":6,"soaringstructures2:bunch_heavenly_petals":1,"archon:sky_gem":2,"minecraft:carrot":595,"patchouli:guide_book":1,"minecraft:chainmail_chestplate":2,"minecraft:poppy":2,"regions_unexplored:peat_dirt":3,"minecraft:trident":1,"minecraft:gunpowder":18,"minecraft:skeleton_skull":2,"promenade:blunite":19,"minecraft:beetroot_seeds":1,"minecraft:melon_seeds":3,"more_rpg_classes:hardened_leather":1,"minecraft:chainmail_boots":2,"spellbladenext:fire_claymore":1,"minecraft:basalt":3,"minecraft:iron_bars":5,"minecraft:arrow":42,"minecraft:written_book":3,"wizards:staff_arcane":1,"minecraft:water_bucket":2,"twigs:bamboo_leaves":13,"minecraft:mossy_cobblestone":1,"minecraft:golden_axe":1,"minecraft:spruce_stairs":1,"minecraft:acacia_log":3,"minecraft:grass_block":1,"witcher_rpg:dark_iron_witcher_sword":1,"minecraft:stick":78,"illagerinvasion:platinum_chunk":2,"spellbladenext:spelloil":1,"mythicmetals:raw_aquarium":1,"minecraft:iron_door":1,"bewitchment:garlic":2,"minecraft:iron_leggings":2,"minecraft:wither_rose":4,"minecraft:iron_axe":4,"mythicmetals:aquarium_ingot":2,"graveyard:dark_iron_door":3,"mcdar:flaming_quiver":1,"minecraft:oak_trapdoor":1,"minecraft:raw_copper":8,"minecraft:raw_iron":10,"spellbladenext:frost_orb":1,"minecraft:glass_pane":2,"dungeonnowloading:spawner_fragment":20,"spellbladenext:monkeystaff":1,"soaringstructures2:heavenly_cup":3,"minecraft:deepslate_bricks":1,"minecraft:filled_map":2,"minecraft:shield":7,"minecraft:iron_chestplate":1,"minecraft:blue_ice":4,"regions_unexplored:blackwood_sapling":1,"minecraft:mossy_stone_bricks":1,"minecraft:oak_sapling":91,"minecraft:golden_sword":2,"minecraft:diamond_boots":1,"minecraft:stone_pickaxe":2,"minecraft:wooden_pickaxe":1,"minecraft:raw_gold":4,"graveyard:sarcophagus":8,"frostiful:frost_tipped_arrow":2,"minecraft:cracked_deepslate_bricks":1,"minecraft:nautilus_shell":2,"xtraarrows:vex_wing":25},"minecraft:used":{"minecraft:jack_o_lantern":1,"minecraft:spruce_slab":103,"minecraft:chest":73,"minecraft:stone":295,"lootr:trophy":2,"graveyard:white_urn":1,"travellersbootsreloaded:travellers_boots_tier1":1,"minecraft:spruce_boat":5,"minecraft:lava_bucket":3,"minecraft:grass_block":2,"minecraft:stone_brick_stairs":1,"mutantmonsters:hulk_hammer":3,"minecraft:oak_sapling":72,"minecraft:furnace":20,"minecraft:wooden_pickaxe":19,"villagersplus:alchemist_table":1,"minecraft:jungle_boat":39,"minecraft:dark_oak_trapdoor":46,"minecraft:sand":42,"minecraft:cut_sandstone_slab":2,"minecraft:blast_furnace":8,"minecraft:lectern":52,"minecraft:cut_red_sandstone":2,"minecraft:diamond_sword":97,"clutter:cow_plushie":2,"minecraft:oak_trapdoor":70,"minecraft:enchanting_table":1,"minecraft:armor_stand":1,"spellbladenext:monkeystaff":4,"minecraft:tinted_glass":1,"minecraft:cooked_salmon":49,"minecraft:torch":192,"minecraft:chipped_anvil":4,"spellbladenext:flaming_falchion":1128,"minecraft:iron_axe":419,"villagersplus:occultist_table":1,"minecraft:barrel":2,"soaringstructures2:heavenly_tea":2,"minecraft:water_bucket":97,"minecraft:sandstone_stairs":54,"mythicmetals:aquarium_shovel":2110,"minecraft:fletching_table":1,"minecraft:spruce_fence_gate":2,"minecraft:cracked_stone_bricks":1,"minecraft:oak_slab":12,"minecraft:crafting_table":15,"minecraft:red_bed":26,"minecraft:oak_log":473,"minecraft:diamond_pickaxe":1828,"minecraft:diamond_shovel":5134,"minecraft:iron_pickaxe":724,"minecraft:spruce_trapdoor":1,"minecraft:spruce_sapling":49,"simplyswords:gold_cutlass":29,"minecraft:pink_bed":1,"minecraft:cobblestone":1539,"minecraft:potion":2,"minecraft:sandstone_slab":156,"minecraft:glass_pane":52,"berserker_rpg:golden_berserker_axe":1,"minecraft:iron_shovel":901,"minecraft:oak_sign":1,"minecraft:shield":25,"minecraft:smooth_sandstone_stairs":1,"paraglider:goddess_statue":1,"minecraft:glass":2,"graveyard:gray_urn":2,"witcher_rpg:dark_iron_witcher_sword":5,"spellbladenext:frost_orb":1,"minecraft:lantern":39,"minecraft:stone_bricks":57,"minecraft:item_frame":38,"minecraft:scaffolding":14,"minecraft:hay_block":2,"minecraft:written_book":1,"mythicmetals:aquarium_pickaxe":1362,"minecraft:dark_oak_sapling":4,"clutter:bonfire":1,"minecraft:stone_pickaxe":17,"minecraft:oak_planks":398,"minecraft:sandstone":192,"paladins:diamond_claymore":4,"minecraft:diamond_axe":634,"graveyard:spruce_coffin":3,"minecraft:loom":2,"minecraft:crossbow":5,"minecraft:bread":24,"promenade:blunite":20,"minecraft:bone_meal":9,"minecraft:experience_bottle":60,"minecraft:oak_fence":7,"minecraft:trident":2,"graveyard:sarcophagus":17,"minecraft:stone_shovel":300,"minecraft:spruce_planks":12,"minecraft:oak_door":4,"minecraft:dirt":1342,"minecraft:hopper":11,"minecraft:spruce_stairs":12,"regions_unexplored:palm_trapdoor":18,"minecraft:spruce_fence":48,"minecraft:wooden_axe":29,"minecraft:bookshelf":37,"minecraft:oak_stairs":117,"mythicmetals:aquarium_axe":367,"minecraft:smooth_sandstone":10,"simplyswords:diamond_greathammer":58,"minecraft:iron_boots":1,"minecraft:cooked_beef":16,"minecraft:cobblestone_stairs":27,"minecraft:baked_potato":5,"minecraft:cut_sandstone":6,"minecraft:stonecutter":3,"minecraft:cobblestone_slab":445,"minecraft:lime_bed":5,"graveyard:soul_fire_brazier":5,"mcdar:buzzy_nest":1,"minecraft:painting":1,"minecraft:smoker":9,"minecraft:stone_axe":266,"twigs:twig":1,"minecraft:white_banner":2,"minecraft:bucket":99,"archon:magical_bookshelf":4},"minecraft:broken":{"minecraft:iron_boots":2,"minecraft:iron_chestplate":1,"minecraft:iron_leggings":2,"mythicmetals:aquarium_axe":1,"mythicmetals:aquarium_pickaxe":2,"minecraft:iron_axe":2,"travellersbootsreloaded:travellers_boots_tier1":1,"minecraft:iron_pickaxe":3,"minecraft:iron_helmet":2,"minecraft:iron_shovel":4,"simplyswords:gold_cutlass":1,"minecraft:diamond_boots":1,"minecraft:stone_axe":2,"minecraft:stone_shovel":2,"mythicmetals:aquarium_shovel":1},"minecraft:mined":{"minecraft:cut_sandstone_slab":4,"graveyard:pedestal":1,"minecraft:white_bed":1,"minecraft:pink_bed":1,"graveyard:gray_urn":2,"minecraft:chiseled_red_sandstone":1,"minecraft:granite":26,"minecraft:acacia_log":39,"minecraft:jungle_log":1,"minecraft:deepslate_bricks":1,"minecraft:hopper":7,"minecraft:chiseled_stone_bricks":2,"minecraft:spawner":9,"minerally:geode":1,"minecraft:magma_block":3,"minecraft:cobbled_deepslate":7,"minecraft:fire":22,"minecraft:barrel":2,"minecraft:moss_carpet":10,"clutter:cow_plushie":1,"minecraft:polished_deepslate_slab":2,"minecraft:water_cauldron":6,"minecraft:oak_stairs":69,"minecraft:small_amethyst_bud":2,"minecraft:smooth_sandstone_stairs":1,"minecraft:tripwire":1,"minecraft:sandstone_slab":120,"minecraft:cut_sandstone":43,"minecraft:red_bed":21,"minecraft:smoker":7,"minecraft:amethyst_cluster":10,"minecraft:torch":46,"minecraft:blast_furnace":8,"regions_unexplored:peat_grass_block":1,"minecraft:melon":1,"minecraft:dead_bush":7,"galosphere:silver_ore":11,"minecraft:spruce_wall_sign":2,"minecraft:amethyst_block":1,"minecraft:skeleton_skull":1,"minecraft:tinted_glass":1,"minecraft:stone_brick_stairs":2,"minecraft:grass":220,"archon:earth_node":2,"minecraft:loom":3,"minecraft:sandstone_wall":1,"minecraft:smooth_basalt":1,"twigs:rhyolite":1,"promenade:asphalt":2,"minecraft:cut_red_sandstone":1,"minecraft:stonecutter":4,"minecraft:deepslate":259,"minecraft:deepslate_tiles":2,"minecraft:mossy_cobblestone":4,"minecraft:jack_o_lantern":1,"mythicmetals:silver_ore":15,"minecraft:spruce_fence":22,"graveyard:tg_deepslate":6,"minecraft:moss_block":93,"minerally:redstone_pile_0":1,"minecraft:redstone_ore":4,"mythicmetals:kyber_ore":1,"runes:crafting_altar":1,"clutter:bonfire":1,"minecraft:andesite":1,"graveyard:sarcophagus":17,"minecraft:cobblestone_slab":34,"minecraft:vine":2,"minecraft:bamboo":7,"minecraft:bone_block":15,"minecraft:cake":1,"graveyard:small_blue_urn":1,"minecraft:oak_slab":3,"minecraft:glass_pane":14,"minecraft:stone_brick_slab":2,"minecraft:smooth_sandstone":35,"minerally:redstone_pile":1,"minecraft:emerald_ore":8,"clutter:pearl_clam_block":3,"minecraft:copper_ore":11,"minecraft:tall_grass":108,"minecraft:dried_kelp_block":27,"minecraft:deepslate_gold_ore":29,"minecraft:cracked_deepslate_bricks":1,"minecraft:coarse_dirt":6,"graveyard:vase_block":6,"betterarcheology:loot_vase_creeper":3,"minecraft:spruce_log":20,"hybrid-aquatic:message_in_a_bottle":1,"minecraft:gravel":3,"minecraft:cobweb":30,"minecraft:stone_bricks":20,"minecraft:chipped_anvil":4,"minecraft:fern":22,"minecraft:large_amethyst_bud":2,"minecraft:spruce_planks":2,"minecraft:oak_sapling":10,"minecraft:mossy_stone_brick_slab":1,"minecraft:spruce_trapdoor":2,"minecraft:grass_block":3427,"archon:cloud_iron":4,"graveyard:dark_iron_door":4,"minecraft:polished_diorite":3,"archon:sky_node":2,"minecraft:sandstone_stairs":16,"minecraft:iron_ore":274,"graveyard:leaning_wither_skeleton":1,"minecraft:potted_red_mushroom":1,"minecraft:iron_bars":14,"minerally:diamond_rock":1,"minecraft:spruce_slab":15,"graveyard:white_urn":1,"archon:magical_bookshelf":5,"minecraft:medium_amethyst_bud":2,"graveyard:spruce_coffin":3,"minecraft:calcite":2,"minecraft:poppy":1,"minecraft:chest":23,"minecraft:cobblestone":300,"minecraft:oak_planks":64,"minecraft:wall_torch":22,"lootr:trophy":1,"mythicmetals:aquarium_ore":22,"mythicmetals:manganese_ore":20,"minecraft:cracked_deepslate_tiles":1,"minecraft:oak_log":314,"regions_unexplored:peat_dirt":2,"minecraft:sand":790,"minecraft:dirt":4406,"villagersplus:alchemist_table":1,"minecraft:tripwire_hook":1,"villagersplus:occultist_table":1,"minecraft:dispenser":5,"minecraft:oak_leaves":191,"minecraft:emerald_block":1,"soulsweapons:verglas_ore":1,"minecraft:dark_oak_leaves":3,"minecraft:deepslate_diamond_ore":25,"minecraft:candle":1,"mythicmetals:calcite_kyber_ore":3,"minecraft:glow_lichen":3,"minecraft:soul_campfire":1,"minecraft:spruce_leaves":8,"regions_unexplored:raw_redstone_block":2,"minecraft:sandstone":644,"minecraft:hay_block":33,"graveyard:soul_fire_brazier":5,"minecraft:oak_trapdoor":59,"minecraft:spruce_sapling":1,"minecraft:furnace":15,"minerally:redstone_pile_1":1,"mythicmetals:tin_ore":9,"treechop:chopped_log":67,"minecraft:bookshelf":26,"bewitchment:salt_ore":12,"minecraft:lantern":26,"mythicmetals:runite_ore":2,"regions_unexplored:medium_grass":1,"minecraft:stone":1419,"minecraft:podzol":11,"minecraft:acacia_leaves":66,"minecraft:scaffolding":20,"promenade:blunite":38,"minecraft:basalt":3,"graveyard:small_light_gray_urn":1,"minecraft:oak_fence":1,"minecraft:crafting_table":6,"minecraft:lectern":49,"minecraft:stone_slab":6,"minecraft:spruce_stairs":3,"witcher_rpg:deepslate_silver_ore":2,"spell_engine:spell_binding":4,"regions_unexplored:redwood_leaves":2,"graveyard:dark_iron_bars":1,"minecraft:coal_ore":59,"minecraft:flower_pot":1,"graveyard:leaning_skeleton":1,"minecraft:cracked_stone_bricks":4,"minecraft:mossy_stone_bricks":5}},"DataVersion":3465}