{"stats":{"minecraft:killed":{"guardvillagers:guard":7,"minecraft:cave_spider":2,"graveyard:wraith":19,"illagerinvasion:basher":5,"minecraft:skeleton":42,"minecraft:guardian":1,"graveyard:acolyte":2,"minecraft:chicken":1,"illagerinvasion:necromancer":2,"minecraft:iron_golem":1,"livingthings:mantaray":3,"mutantmonsters:mutant_skeleton":1,"endermanoverhaul:savanna_enderman":1,"minecraft:pillager":18,"archon:mana_leech":2,"minecraft:zombie":57,"minecraft:evoker":2,"graveyard:corrupted_vindicator":27,"minecraft:vindicator":11,"hybrid-aquatic:lightfoot_crab":1,"illagerinvasion:marauder":9,"livingthings:crab":4,"mythicmounts:firebird":1,"wildlife:lark":1,"hybrid-aquatic:piranha":3,"minecraft:witch":7,"graveyard:skeleton_creeper":3,"minecraft:spider":30,"illagerinvasion:provoker":3,"minecraft:silverfish":9,"minecraft:illusioner":1,"minecraft:pig":1,"minecraft:zombie_villager":3,"illagerinvasion:alchemist":3,"minecraft:creeper":13,"bewitchment:raven":2,"illagerinvasion:sorcerer":1,"minecraft:stray":3,"graveyard:corrupted_pillager":19,"minecraft:vex":10,"promenade:duck":1,"bewitchment:ghost":2,"minecraft:phantom":4,"mythicmobs:chupacabra":2,"minecraft:drowned":37,"wildlife:hermitcrab":1,"friendsandfoes:iceologer":2,"mutantmonsters:mutant_zombie":2,"minecraft:villager":3},"minecraft:picked_up":{"minecraft:iron_chestplate":1,"wizards:staff_arcane":6,"minecraft:chainmail_boots":3,"minecraft:flower_pot":1,"minecraft:lead":2,"minecraft:diamond_sword":2,"minecraft:oak_stairs":81,"minecraft:enchanted_book":6,"minecraft:wither_rose":4,"magistuarmory:barding":2,"minecraft:golden_sword":2,"minecraft:amethyst_block":3,"minecraft:string":87,"mythicmetals:raw_aquarium":29,"minecraft:soul_soil":4,"minecraft:cooked_salmon":17,"graveyard:sarcophagus":25,"minecraft:beetroot":7,"minecraft:gold_nugget":291,"minecraft:cobbled_deepslate":1245,"bosses_of_mass_destruction:soul_star":1,"minecraft:spruce_planks":225,"inmis:plated_backpack":1,"minecraft:written_book":3,"paladins:diamond_claymore":1,"witcher_rpg:meteorite":2,"minecraft:acacia_log":55,"spellbladenext:flaming_falchion":3,"spellbladenext:whirlwindoil":3,"minecraft:golden_axe":1,"regions_unexplored:raw_redstone_block":1,"minecraft:golden_chestplate":1,"minecraft:stone_sword":4,"mythicmetals:raw_manganese":207,"villagersplus:occultist_table":1,"farmersdelight:onion":8,"farmersdelight:rope":22,"hybrid-aquatic:lightfoot_crab_claw":2,"minecraft:blaze_rod":30,"villagersplus:alchemist_table":1,"minecraft:iron_bars":17,"minecraft:furnace_minecart":12,"minecraft:magma_block":5,"minecraft:polished_diorite_slab":3,"minecraft:feather":4,"farmersdelight:rice":3,"minecraft:iron_door":2,"minecraft:water_bucket":2,"minecraft:jungle_log":17,"minecraft:smoker":6,"minecraft:flint":35,"minecraft:stripped_spruce_wood":5,"mcdw:glaive_cackling_broom":2,"minecraft:map":1,"mythicmetals:carmot_staff_smithing_template":1,"minecraft:lantern":32,"lootr:trophy":1,"minecraft:chipped_anvil":4,"frostiful:frost_tipped_arrow":2,"minecraft:stonecutter":2,"jewelry:copper_ring":4,"ftbquests:book":1,"jewelry:sapphire":1,"graveyard:white_urn":1,"minecraft:glowstone_dust":12,"galosphere:raw_silver":126,"minecraft:moss_block":187,"mythicmetals:raw_silver":139,"regions_unexplored:bamboo_log":16,"patchouli:guide_book":1,"archon:earth_gem":20,"hybrid-aquatic:piranha":7,"artifality:harvest_staff":1,"minecraft:loom":3,"regions_unexplored:palm_log":14,"minecraft:dark_oak_log":173,"minecraft:barrel":2,"minecraft:dispenser":3,"minecraft:writable_book":1,"minecraft:blue_ice":4,"minecraft:granite":26,"minecraft:chainmail_helmet":2,"bewitchment:ectoplasm":6,"qu-enchantments:rune_1":1,"minecraft:jack_o_lantern":1,"twigs:rhyolite":1,"minecraft:bricks":4,"minecraft:diamond_pickaxe":2,"minecraft:crafting_table":14,"minecraft:coarse_dirt":6,"minecraft:sandstone_slab":135,"mutantmonsters:mutant_skeleton_arms":1,"minecraft:clay_ball":20,"minecraft:golden_pickaxe":1,"graveyard:dark_iron_ingot":1,"jewelry:citrine":1,"runes:crafting_altar":1,"friendsandfoes:totem_of_illusion":2,"paraglider:heart_container":1,"minecraft:red_bed":29,"minecraft:compass":2,"minecraft:iron_shovel":1,"graveyard:soul_fire_brazier":10,"dungeonnowloading:spawner_fragment":24,"more_rpg_classes:hardened_leather":1,"clutter:raw_silver":70,"minecraft:cracked_stone_bricks":3,"minecraft:jungle_sapling":8,"spellbladenext:fire_claymore":2,"minecraft:iron_nugget":213,"minecraft:poppy":4,"minecraft:spruce_slab":38,"minecraft:minecart":16,"minecraft:chest":36,"spellbladenext:arcane_blade":3,"minecraft:egg":1,"minecraft:sandstone":902,"minecraft:polished_deepslate_slab":15,"minecraft:stone":184,"minecraft:oak_door":6,"wizards:wizard_robe_legs":1,"minecraft:spruce_fence":22,"minecraft:fire_charge":2,"mcda:evocation_robe_leggings":1,"mythicmetals:raw_tin":155,"graveyard:dark_iron_bars":1,"minecraft:carrot":103,"minecraft:redstone":23,"mcdar:flaming_quiver":3,"minecraft:beetroot_seeds":6,"spell_engine:spell_binding":4,"minecraft:cracked_deepslate_bricks":1,"mcda:phantom_bones":1,"minecraft:deepslate_bricks":377,"minecraft:diamond_boots":1,"minecraft:hay_block":32,"minecraft:sandstone_stairs":34,"mythicmetals:manganese_ingot":8,"minecraft:gold_ingot":1,"minecraft:totem_of_undying":2,"minecraft:mutton":45,"minecraft:white_wool":5,"minecraft:bone_block":30,"minecraft:rail":343,"soaringstructures2:bunch_heavenly_petals":12,"minecraft:lime_bed":4,"epicknightsnmages:citrin_gem":24,"mythicmounts:firebird_feather4":3,"minecraft:clock":2,"clutter:hops_seeds":1,"minecraft:filled_map":6,"smallships:spruce_drakkar":2,"graveyard:spruce_coffin":3,"minecraft:oak_log":888,"minecraft:golden_boots":2,"bewitchment:aconite_seeds":23,"minecraft:paper":14,"minecraft:white_banner":7,"minecraft:apple":33,"minecraft:stone_bricks":70,"minecraft:stone_pickaxe":1,"minecraft:cobweb":47,"minecraft:glass_bottle":3,"minecraft:iron_sword":3,"spellbladenext:arcane_claymore":4,"endrem:witch_pupil":1,"archon:sky_gem":2,"minecraft:sculk":15,"runes:arcane_stone":1,"minecraft:gravel":46,"twigs:bronzed_seashell":5,"clutter:cotton_seeds":2,"minecraft:spruce_sapling":77,"minecraft:spruce_log":635,"mythicmetals:silver_ingot":18,"minecraft:leather_helmet":2,"minecraft:firework_rocket":8,"minecraft:diamond_shovel":1,"minecraft:slime_ball":3,"minecraft:stone_axe":1,"runes:frost_stone":1,"spellbladenext:spelloil":3,"minecraft:painting":6,"minecraft:melon_seeds":3,"artifality:zeus_staff":1,"minecraft:hopper":7,"minecraft:chiseled_deepslate":1,"minecraft:ender_pearl":13,"archon:magical_bookshelf":4,"clutter:clam":3,"livingthings:crab":10,"minecraft:wheat":33,"illagerinvasion:platinum_chunk":10,"travellersbootsreloaded:travellers_boots_tier1":1,"soulsweapons:moonstone":15,"minecraft:potion":2,"minecraft:stone_brick_stairs":1,"mythicmetals:raw_kyber":17,"minecraft:raw_copper":263,"minecraft:iron_leggings":3,"minecraft:armor_stand":3,"minecraft:experience_bottle":1,"minecraft:oak_sign":2,"mcdar:iron_hide_amulet":9,"minecraft:deepslate_tiles":2,"spellbladenext:arcane_orb":2,"regions_unexplored:bamboo_sapling":1,"minecraft:bucket":2,"twigs:pebble":19,"minecraft:redstone_torch":3,"minecraft:cobblestone_slab":79,"minecraft:calcite":2,"minecraft:azalea":2,"minecraft:iron_pickaxe":5,"minecraft:iron_boots":2,"minecraft:furnace":13,"minecraft:tipped_arrow":27,"minecraft:stick":86,"minecraft:deepslate_brick_wall":144,"soaringstructures2:heavenly_cup":3,"clutter:cow_plushie":1,"minecraft:oak_fence":2,"minecraft:torch":113,"minecraft:spruce_stairs":29,"twigs:bamboo_leaves":151,"minecraft:porkchop":2,"artifality:balloon":1,"spellbladenext:frost_orb":6,"minecraft:dried_kelp":19,"minecraft:pointed_dripstone":126,"mythicmetals:morkite":80,"minecraft:goat_horn":1,"mutantmonsters:hulk_hammer":8,"additional_rpg_jewelry:netherite_rage_necklace":1,"minecraft:rotten_flesh":177,"graveyard:gray_urn":2,"meadow:patched_bed":2,"minecraft:obsidian":26,"minecraft:deepslate_brick_stairs":8,"twigs:tangerine_seashell":2,"minecraft:cobblestone":3023,"archon:cloudshot_tome":1,"minecraft:nautilus_shell":2,"minecraft:enchanting_table":2,"archon:glisteel_ingot":8,"spellbladenext:monkeystaff":1,"minecraft:potato":25,"paraglider:spirit_orb":14,"minecraft:tuff":19,"minecraft:smooth_sandstone_stairs":1,"graveyard:dark_iron_door":3,"minecraft:lapis_lazuli":63,"minecraft:dirt":13741,"minecraft:cut_sandstone_slab":6,"minecraft:name_tag":1,"mcdar:boots_of_swiftness":5,"minecraft:glass":2,"minecraft:bone":270,"minecraft:acacia_planks":28,"minecraft:bow":2,"minecraft:wheat_seeds":146,"minecraft:deepslate_brick_slab":35,"minecraft:cobbled_deepslate_slab":1,"minecraft:raw_gold":277,"minecraft:mossy_stone_bricks":16,"minecraft:bamboo":562,"minecraft:fletching_table":1,"minecraft:cyan_candle":6,"minecraft:powered_rail":9,"twigs:twig":247,"meadow:umbra_wool":15,"minecraft:oak_planks":470,"minecraft:mossy_stone_brick_stairs":4,"friendsandfoes:totem_of_freezing":2,"spellbladenext:fire_orb":1,"promenade:duck":1,"betterarcheology:artifact_shards":1,"minecraft:poisonous_potato":10,"minecraft:sand":779,"soaringstructures2:ancient_rose":1,"minecraft:jungle_planks":19,"mythicmetals:raw_quadrillum":3,"minecraft:mossy_cobblestone":15,"galosphere:silver_nugget":38,"artifacts:plastic_drinking_hat":1,"clutter:copper_coin":33,"minecraft:sugar":2,"minecraft:diamond":118,"minecraft:spruce_boat":6,"minecraft:crossbow":9,"minecraft:bone_meal":24,"minecraft:spruce_sign":20,"soulsweapons:verglas":1,"minecraft:emerald":258,"mcdar:buzzy_nest":3,"minecraft:chiseled_red_sandstone":1,"minecraft:oak_sapling":199,"tridents_n_stuff:prismarine_harpoon":10,"minecraft:charcoal":37,"minecraft:allium":17,"minecraft:ladder":10,"digs_dnd_origins:black_scale":1,"minecraft:shield":11,"promenade:blunite":147,"minecraft:brick":21,"minecraft:oak_trapdoor":88,"minecraft:moss_carpet":40,"minecraft:iron_axe":3,"minecraft:item_frame":60,"graveyard:corruption":39,"mythicmobs:chupacabra_raw_meat":3,"mcdar:golem_kit":2,"minecraft:lectern":51,"minecraft:tinted_glass":2,"minecraft:phantom_membrane":12,"minecraft:spruce_trapdoor":8,"minecraft:dark_oak_sapling":6,"minecraft:raw_iron":356,"promenade:asphalt":4,"minecraft:copper_ingot":107,"runes:fire_stone":1,"minecraft:stone_button":7,"minecraft:trident":2,"meadow:inky_wool":16,"mythicmetals:aquarium_pickaxe":2,"berserker_rpg:golden_berserker_axe":1,"minecraft:stone_pressure_plate":30,"mythicmetals:raw_runite":28,"minecraft:smooth_sandstone_slab":3,"minecraft:arrow":89,"clutter:bonfire":1,"bewitchment:garlic":19,"xtraarrows:vex_wing":34,"artifacts:cowboy_hat":1,"mutantmonsters:mutant_skeleton_rib":10,"minecraft:saddle":1,"witcher_rpg:dark_iron_witcher_sword":3,"wizards:staff_fire":1,"minecraft:skeleton_skull":6,"minecraft:wet_sponge":1,"mcdar:updraft_tome":5,"regions_unexplored:peat_dirt":3,"minecraft:jungle_boat":34,"minecraft:basalt":3,"regions_unexplored:palm_planks":10,"minecraft:salmon":96,"minecraft:leather":5,"minecraft:cut_sandstone":117,"mcdar:death_cap_mushroom":2,"minecraft:chainmail_chestplate":2,"minecraft:gunpowder":80,"mythicmetals:tin_ingot":15,"minecraft:cobblestone_stairs":10,"mythicmetals:aquarium_chestplate":1,"minecraft:smooth_sandstone":35,"minecraft:spruce_wood":35,"bewitchment:mandrake_seeds":19,"minecraft:iron_ingot":80,"meadow:patched_wool":19,"minecraft:acacia_sapling":29,"minecraft:scaffolding":61,"minecraft:book":84,"minecraft:oak_slab":31,"minecraft:pink_bed":2,"minecraft:black_candle":9,"minecraft:emerald_block":2,"minecraft:chiseled_stone_bricks":4,"minecraft:stone_brick_slab":7,"minecraft:quartz":8,"bewitchment:belladonna_seeds":11,"minecraft:amethyst_shard":71,"bewitchment:salt":44,"minecraft:blast_furnace":8,"minecraft:white_bed":2,"clutter:common_coin_pouch":1,"minecraft:mossy_stone_brick_slab":15,"minecraft:spider_eye":32,"minecraft:cut_red_sandstone":2,"minecraft:dried_kelp_block":31,"regions_unexplored:blackwood_sapling":1,"minecraft:chainmail_leggings":1,"regions_unexplored:silver_birch_log":2,"additional_rpg_jewelry:netherite_ocean_necklace":1,"minecraft:coal":259},"minecraft:killed_by":{"minecraft:vex":2,"mutantmonsters:mutant_skeleton":2,"minecraft:witch":5,"minecraft:illusioner":1,"minecraft:player":7,"minecraft:spider":1},"minecraft:custom":{"minecraft:interact_with_crafting_table":204,"minecraft:open_barrel":73,"minecraft:bell_ring":21,"minecraft:eat_cake_slice":3,"minecraft:leave_game":14,"minecraft:time_since_death":589933,"minecraft:damage_blocked_by_shield":1245,"minecraft:play_time":1459398,"minecraft:deaths":30,"minecraft:jump":15365,"minecraft:enchant_item":4,"minecraft:interact_with_furnace":80,"minecraft:sleep_in_bed":24,"minecraft:damage_dealt":86196,"minecraft:interact_with_smoker":26,"minecraft:inspect_dispenser":4,"minecraft:horse_one_cm":110120,"minecraft:inspect_dropper":1,"minecraft:interact_with_anvil":16,"minecraft:inspect_hopper":6,"minecraft:damage_dealt_absorbed":240,"minecraft:sneak_time":91785,"minecraft:interact_with_lectern":1,"minecraft:interact_with_blast_furnace":32,"minecraft:total_world_time":1459398,"minecraft:tune_noteblock":2,"minecraft:interact_with_stonecutter":11,"minecraft:time_since_rest":33600,"minecraft:swim_one_cm":730086,"minecraft:fly_one_cm":3588920,"minecraft:open_chest":576,"minecraft:fall_one_cm":337867,"lootr:looted_stat":145,"minecraft:animals_bred":12,"minecraft:damage_resisted":0,"minecraft:sprint_one_cm":3028458,"minecraft:drop":1196,"minecraft:talked_to_villager":88,"minecraft:interact_with_brewingstand":4,"minecraft:walk_on_water_one_cm":141717,"minecraft:interact_with_loom":2,"minecraft:open_enderchest":1,"minecraft:crouch_one_cm":342906,"minecraft:mob_kills":397,"minecraft:interact_with_campfire":17,"minecraft:damage_dealt_resisted":1361,"minecraft:climb_one_cm":42409,"minecraft:walk_one_cm":3877704,"minecraft:raid_win":1,"minecraft:walk_under_water_one_cm":673837,"minecraft:boat_one_cm":38167,"minecraft:raid_trigger":1,"minecraft:hex":0,"minecraft:damage_taken":21905,"minecraft:damage_absorbed":989,"minecraft:minecart_one_cm":37853,"minecraft:threat":31},"minecraft:crafted":{"minecraft:oak_sign":3,"mythicmetals:aquarium_shovel":3,"minecraft:diamond_shovel":5,"minecraft:bookshelf":28,"minecraft:deepslate_brick_stairs":24,"minecraft:glass":171,"minecraft:diamond_helmet":1,"minecraft:diamond_leggings":1,"minecraft:magenta_dye":17,"regions_unexplored:palm_planks":56,"minecraft:furnace_minecart":1,"minecraft:emerald":9,"minecraft:diamond_axe":1,"minecraft:jungle_boat":5,"meadow:patched_bed":2,"minecraft:chiseled_deepslate":1,"naturescompass:naturescompass":1,"minecraft:compass":1,"minecraft:iron_pickaxe":2,"minecraft:gold_ingot":29,"minecraft:sandstone":72,"mythicmetals:manganese_ingot":4,"minecraft:spruce_fence_gate":2,"minecraft:stone_shovel":2,"minecraft:iron_nugget":171,"regions_unexplored:acacia_branch":2,"minecraft:bone_meal":9,"minecraft:spruce_fence":36,"minecraft:white_carpet":6,"minecraft:lantern":21,"minecraft:spruce_stairs":12,"minecraft:deepslate_brick_wall":21,"minecraft:spruce_slab":342,"minecraft:stone_pickaxe":1,"mythicmetals:aquarium_axe":1,"minecraft:spruce_boat":3,"minecraft:dark_oak_planks":152,"minecraft:wheat":270,"minecraft:enchanting_table":1,"minecraft:deepslate_brick_slab":30,"minecraft:sandstone_slab":60,"minecraft:wooden_axe":1,"minecraft:oak_stairs":64,"minecraft:iron_shovel":5,"minecraft:iron_leggings":2,"minecraft:oak_planks":984,"minecraft:cobblestone_slab":678,"meadow:inky_carpet":6,"minecraft:cobblestone_stairs":32,"minecraft:stone":438,"mythicmetals:aquarium_chestplate":1,"minecraft:hopper":13,"minecraft:iron_boots":1,"minecraft:chest":73,"minecraft:rail":256,"minecraft:oak_fence":6,"mythicmetals:tin_ingot":3,"minecraft:smoker":3,"minecraft:oak_slab":66,"minecraft:crafting_table":12,"minecraft:spruce_planks":836,"minecraft:wooden_pickaxe":1,"minecraft:iron_helmet":2,"mythicmetals:aquarium_pickaxe":3,"minecraft:iron_chestplate":1,"minecraft:diamond_pickaxe":3,"minecraft:stick":330,"minecraft:iron_ingot":304,"minecraft:redstone_torch":4,"minecraft:shears":1,"minecraft:sandstone_stairs":40,"minecraft:oak_door":3,"inmis:gilded_backpack":1,"minecraft:furnace":18,"minecraft:dark_oak_trapdoor":48,"inmis:bejeweled_backpack":1,"minecraft:magenta_stained_glass_pane":48,"minecraft:glass_pane":48,"minecraft:oak_trapdoor":26,"minecraft:scaffolding":60,"minecraft:iron_axe":3,"regions_unexplored:palm_trapdoor":18,"minecraft:minecart":4,"minecraft:cooked_beef":36,"minecraft:spruce_sign":12,"minecraft:powered_rail":6,"minecraft:cooked_salmon":91,"mythicmetals:silver_ingot":6,"minecraft:bucket":1,"minecraft:stone_axe":2,"minecraft:bread":89,"minecraft:air":0,"minecraft:jungle_planks":48,"minecraft:stonecutter":1,"minecraft:acacia_planks":68,"minecraft:torch":164,"mythicmetals:aquarium_ingot":32,"minecraft:diamond_chestplate":1},"minecraft:dropped":{"minecraft:iron_sword":3,"artifality:balloon":2,"minecraft:porkchop":2,"clutter:clam":2,"minecraft:glass_bottle":5,"minecraft:diamond":7,"mythicmetals:raw_silver":97,"minecraft:crafting_table":10,"spellbladenext:arcane_claymore":3,"minecraft:sandstone_stairs":2,"minecraft:crossbow":7,"mythicmetals:raw_runite":22,"mythicmetals:manganese_ingot":8,"minecraft:mossy_stone_brick_stairs":3,"minecraft:cracked_stone_bricks":2,"minecraft:saddle":2,"promenade:duck":1,"minecraft:cut_sandstone_slab":4,"graveyard:corruption":10,"minecraft:leather_helmet":2,"minecraft:item_frame":16,"mcdar:updraft_tome":4,"minecraft:emerald":161,"bewitchment:aconite_seeds":7,"twigs:pebble":2,"regions_unexplored:palm_planks":8,"minecraft:dirt":3924,"mythicmounts:firebird_feather4":3,"minecraft:stone_button":7,"minecraft:dark_oak_trapdoor":2,"minecraft:jungle_sapling":8,"minecraft:writable_book":1,"minecraft:gold_nugget":224,"minecraft:bone_meal":9,"minecraft:bone_block":15,"minecraft:phantom_membrane":6,"minecraft:sand":31,"minecraft:iron_pickaxe":4,"meadow:inky_wool":8,"minecraft:dark_oak_planks":8,"minecraft:white_wool":1,"bewitchment:belladonna_seeds":4,"minecraft:bone":6,"minecraft:oak_door":3,"magistuarmory:barding":1,"mcdar:death_cap_mushroom":2,"minecraft:stone_axe":1,"minecraft:emerald_block":1,"mutantmonsters:hulk_hammer":4,"bewitchment:salt":1,"minecraft:iron_nugget":203,"minecraft:golden_chestplate":1,"minecraft:cobbled_deepslate":389,"minecraft:tinted_glass":1,"minecraft:wheat":67,"minecraft:obsidian":13,"soulsweapons:moonstone":10,"minecraft:rotten_flesh":31,"minecraft:oak_planks":299,"meadow:patched_wool":10,"minecraft:glowstone_dust":4,"minecraft:tipped_arrow":53,"minecraft:deepslate_tiles":2,"spellbladenext:arcane_orb":1,"minecraft:charcoal":30,"minecraft:ladder":8,"minecraft:acacia_sapling":1,"minecraft:leather_leggings":1,"minecraft:spruce_slab":13,"additional_rpg_jewelry:dripstone_necklace":1,"minecraft:enchanted_book":2,"minecraft:golden_boots":2,"minecraft:iron_ingot":25,"minecraft:wheat_seeds":35,"endrem:witch_pupil":1,"clutter:copper_coin":33,"spellbladenext:fire_orb":1,"minecraft:feather":2,"minecraft:cobblestone":100,"minecraft:book":1,"mythicmetals:aquarium_chestplate":1,"minecraft:chainmail_helmet":2,"minecraft:coal":36,"minecraft:cobweb":46,"clutter:hops_seeds":1,"galosphere:raw_silver":90,"minecraft:sculk":12,"minecraft:wooden_axe":1,"minecraft:oak_stairs":9,"minecraft:white_banner":5,"minecraft:jungle_boat":4,"graveyard:soul_fire_brazier":5,"paladins:diamond_claymore":1,"minecraft:iron_shovel":1,"minecraft:chainmail_leggings":1,"minecraft:paper":2,"minecraft:string":48,"minecraft:smooth_sandstone":12,"meadow:umbra_wool":12,"minecraft:acacia_planks":20,"minecraft:spruce_sapling":4,"minecraft:stone_brick_slab":7,"mythicmetals:aquarium_pickaxe":2,"travellersbootsreloaded:travellers_boots_tier1":1,"twigs:rhyolite":1,"minecraft:bricks":2,"minecraft:moss_carpet":22,"minecraft:soul_soil":3,"minecraft:polished_diorite_slab":2,"minecraft:stone_sword":4,"minecraft:chiseled_red_sandstone":1,"minecraft:polished_deepslate_slab":15,"minecraft:iron_boots":1,"minecraft:cobbled_deepslate_slab":1,"promenade:asphalt":2,"mythicmetals:raw_kyber":12,"galosphere:silver_nugget":38,"minecraft:oak_sign":2,"minecraft:diamond_sword":1,"jewelry:copper_ring":2,"minecraft:cobblestone_slab":50,"minecraft:stone":122,"minecraft:spruce_boat":2,"minecraft:flower_pot":1,"bewitchment:mandrake_seeds":5,"minecraft:spruce_trapdoor":5,"minecraft:spruce_planks":25,"minecraft:diamond_pickaxe":2,"bewitchment:ectoplasm":2,"mythicmetals:raw_manganese":145,"minecraft:stone_pressure_plate":25,"minecraft:spider_eye":21,"minecraft:stone_bricks":52,"minecraft:bamboo":12,"minecraft:sandstone":248,"minecraft:bow":1,"berserker_rpg:golden_berserker_axe":1,"livingthings:crab":10,"minecraft:stripped_spruce_wood":4,"minecraft:magma_block":5,"archon:earth_gem":12,"spellbladenext:arcane_blade":2,"graveyard:dark_iron_bars":1,"minecraft:spruce_sign":16,"hybrid-aquatic:lightfoot_crab_claw":2,"minecraft:moss_block":113,"mythicmetals:raw_tin":106,"minecraft:oak_log":45,"minecraft:ender_pearl":10,"minecraft:loom":1,"artifality:zeus_staff":1,"minecraft:sandstone_slab":13,"minecraft:lantern":2,"minecraft:leather":2,"spell_engine:spell_binding":1,"minecraft:jungle_planks":12,"mcda:evocation_robe_leggings":1,"farmersdelight:rice":1,"minecraft:cobblestone_stairs":10,"minecraft:dark_oak_log":41,"minecraft:dispenser":3,"hybrid-aquatic:piranha":3,"minecraft:mutton":30,"mythicmobs:chupacabra_raw_meat":2,"twigs:bronzed_seashell":5,"minecraft:cut_sandstone":37,"betternether:bowl_upgrade_smithing_template":1,"farmersdelight:onion":8,"minecraft:furnace_minecart":2,"mcdar:boots_of_swiftness":3,"spellbladenext:flaming_falchion":3,"twigs:twig":67,"smallships:spruce_drakkar":1,"minecraft:gold_ingot":2,"minecraft:armor_stand":1,"minecraft:gravel":19,"regions_unexplored:raw_redstone_block":1,"mythicmetals:raw_quadrillum":2,"minecraft:pointed_dripstone":105,"tridents_n_stuff:prismarine_harpoon":5,"minecraft:mossy_stone_brick_slab":15,"soaringstructures2:bunch_heavenly_petals":1,"archon:sky_gem":2,"minecraft:carrot":595,"patchouli:guide_book":1,"minecraft:chainmail_chestplate":2,"minecraft:chiseled_stone_bricks":4,"minecraft:poppy":4,"regions_unexplored:peat_dirt":3,"minecraft:trident":1,"minecraft:gunpowder":18,"minecraft:skeleton_skull":2,"promenade:blunite":100,"minecraft:beetroot_seeds":4,"minecraft:melon_seeds":3,"minecraft:spruce_wood":28,"more_rpg_classes:hardened_leather":1,"minecraft:chest":6,"minecraft:chainmail_boots":3,"spellbladenext:fire_claymore":2,"minecraft:basalt":3,"minecraft:iron_bars":13,"minecraft:arrow":42,"minecraft:powered_rail":8,"minecraft:quartz":8,"minecraft:written_book":3,"meadow:inky_carpet":6,"minecraft:enchanting_table":2,"wizards:staff_arcane":5,"minecraft:water_bucket":2,"twigs:bamboo_leaves":104,"minecraft:oak_slab":26,"archon:glisteel_ingot":4,"minecraft:mossy_cobblestone":14,"minecraft:minecart":9,"mythicmetals:morkite":66,"minecraft:golden_axe":1,"mythicmetals:silver_ingot":12,"minecraft:copper_ingot":76,"minecraft:spruce_stairs":21,"minecraft:acacia_log":13,"minecraft:grass_block":1,"witcher_rpg:dark_iron_witcher_sword":1,"minecraft:stick":78,"epicknightsnmages:citrin_gem":24,"minecraft:deepslate_brick_stairs":2,"illagerinvasion:platinum_chunk":2,"spellbladenext:spelloil":1,"mythicmetals:raw_aquarium":1,"witcher_rpg:meteorite":2,"minecraft:iron_door":1,"minecraft:iron_leggings":2,"bewitchment:garlic":3,"clutter:raw_silver":50,"minecraft:wither_rose":4,"minecraft:iron_axe":4,"minecraft:bucket":3,"mythicmetals:aquarium_ingot":2,"graveyard:dark_iron_door":3,"mcdar:flaming_quiver":1,"minecraft:oak_trapdoor":22,"mcdar:iron_hide_amulet":6,"minecraft:blaze_rod":24,"minecraft:raw_copper":100,"minecraft:tuff":12,"minecraft:raw_iron":80,"regions_unexplored:acacia_branch":2,"spellbladenext:frost_orb":5,"minecraft:glass_pane":2,"dungeonnowloading:spawner_fragment":20,"regions_unexplored:silver_birch_log":2,"spellbladenext:monkeystaff":1,"minecraft:deepslate_bricks":1,"minecraft:filled_map":2,"twigs:tangerine_seashell":2,"soaringstructures2:heavenly_cup":3,"minecraft:shield":9,"minecraft:iron_chestplate":1,"minecraft:blue_ice":4,"regions_unexplored:blackwood_sapling":1,"minecraft:mossy_stone_bricks":10,"mcdar:buzzy_nest":1,"minecraft:oak_sapling":91,"minecraft:golden_sword":3,"mythicmetals:tin_ingot":12,"minecraft:spruce_log":126,"minecraft:diamond_boots":1,"minecraft:stone_pickaxe":2,"minecraft:wooden_pickaxe":1,"minecraft:raw_gold":199,"frostiful:frost_tipped_arrow":2,"graveyard:sarcophagus":8,"minecraft:nautilus_shell":2,"minecraft:cracked_deepslate_bricks":1,"minecraft:calcite":1,"xtraarrows:vex_wing":25,"minecraft:brick":16},"minecraft:used":{"minecraft:jack_o_lantern":1,"minecraft:chiseled_deepslate":2,"minecraft:spruce_slab":366,"minecraft:chest":87,"minecraft:stone":297,"lootr:trophy":2,"graveyard:white_urn":1,"minecraft:deepslate_brick_slab":267,"travellersbootsreloaded:travellers_boots_tier1":1,"minecraft:spruce_boat":7,"minecraft:lava_bucket":4,"minecraft:villager_spawn_egg":1,"minecraft:grass_block":2,"minecraft:stone_brick_stairs":1,"mutantmonsters:hulk_hammer":3,"minecraft:oak_sapling":72,"minecraft:furnace":20,"minecraft:mossy_stone_bricks":2,"minecraft:deepslate_brick_wall":218,"minecraft:powered_rail":7,"minecraft:wooden_pickaxe":19,"villagersplus:alchemist_table":1,"minecraft:jungle_boat":39,"minecraft:dark_oak_trapdoor":46,"minecraft:sand":42,"minecraft:cut_sandstone_slab":2,"minecraft:blast_furnace":8,"minecraft:deepslate_brick_stairs":29,"minecraft:lectern":52,"minecraft:cut_red_sandstone":2,"minecraft:magenta_stained_glass_pane":22,"minecraft:diamond_sword":97,"clutter:cow_plushie":2,"minecraft:oak_trapdoor":70,"minecraft:enchanting_table":1,"minecraft:armor_stand":1,"spellbladenext:monkeystaff":4,"minecraft:tinted_glass":1,"minecraft:cooked_salmon":54,"minecraft:torch":229,"minecraft:chipped_anvil":4,"spellbladenext:flaming_falchion":1302,"minecraft:iron_axe":419,"villagersplus:occultist_table":1,"minecraft:barrel":2,"minecraft:bamboo":319,"twigs:bamboo_leaves":5,"soaringstructures2:heavenly_tea":2,"minecraft:cobbled_deepslate":14,"minecraft:water_bucket":233,"minecraft:sandstone_stairs":60,"mythicmetals:aquarium_shovel":2110,"minecraft:fletching_table":1,"minecraft:spruce_fence_gate":2,"minecraft:deepslate_bricks":779,"minecraft:cracked_stone_bricks":1,"minecraft:rail":601,"minecraft:oak_slab":26,"minecraft:crafting_table":16,"minecraft:red_bed":33,"minecraft:oak_log":481,"minecraft:diamond_shovel":6260,"minecraft:diamond_pickaxe":4617,"minecraft:iron_pickaxe":724,"minecraft:spruce_trapdoor":1,"minecraft:spruce_sapling":49,"simplyswords:gold_cutlass":29,"minecraft:pink_bed":4,"minecraft:cobblestone":1772,"minecraft:potion":2,"minecraft:sandstone_slab":158,"minecraft:glass_pane":52,"berserker_rpg:golden_berserker_axe":1,"minecraft:iron_shovel":901,"minecraft:oak_sign":1,"minecraft:shield":25,"minecraft:smooth_sandstone_stairs":1,"paraglider:goddess_statue":1,"minecraft:furnace_minecart":11,"minecraft:tuff":1,"minecraft:glass":124,"graveyard:gray_urn":2,"witcher_rpg:dark_iron_witcher_sword":5,"spellbladenext:frost_orb":1,"minecraft:lantern":39,"minecraft:stone_bricks":57,"minecraft:item_frame":51,"minecraft:scaffolding":67,"minecraft:hay_block":2,"minecraft:written_book":1,"minecraft:dark_oak_sapling":4,"mythicmetals:aquarium_pickaxe":1362,"clutter:bonfire":1,"minecraft:stone_pickaxe":17,"minecraft:oak_planks":402,"minecraft:sandstone":217,"paladins:diamond_claymore":4,"minecraft:diamond_axe":972,"graveyard:spruce_coffin":3,"minecraft:loom":2,"minecraft:crossbow":5,"minecraft:sponge":21,"minecraft:redstone_torch":7,"minecraft:bread":24,"minecraft:gravel":2,"promenade:blunite":20,"minecraft:bone_meal":9,"minecraft:experience_bottle":60,"minecraft:oak_fence":7,"minecraft:trident":2,"graveyard:sarcophagus":17,"minecraft:stone_shovel":300,"minecraft:spruce_planks":209,"minecraft:oak_door":4,"minecraft:dirt":2111,"minecraft:hopper":20,"minecraft:spruce_stairs":12,"minecraft:spruce_fence":48,"regions_unexplored:palm_trapdoor":18,"minecraft:wooden_axe":29,"minecraft:bookshelf":37,"minecraft:oak_stairs":117,"mythicmetals:aquarium_axe":367,"minecraft:smooth_sandstone":10,"minecraft:iron_boots":1,"simplyswords:diamond_greathammer":58,"minecraft:minecart":10,"minecraft:cooked_beef":36,"minecraft:cobblestone_stairs":27,"minecraft:baked_potato":5,"minecraft:cut_sandstone":6,"minecraft:spruce_sign":12,"minecraft:stonecutter":3,"minecraft:cobblestone_slab":576,"minecraft:lime_bed":9,"graveyard:soul_fire_brazier":5,"mcdar:buzzy_nest":1,"meadow:patched_bed":4,"minecraft:painting":6,"minecraft:smoker":9,"minecraft:stone_axe":266,"twigs:twig":1,"minecraft:white_banner":2,"minecraft:bucket":236,"archon:magical_bookshelf":4},"minecraft:broken":{"minecraft:diamond_helmet":1,"minecraft:iron_boots":2,"minecraft:iron_chestplate":1,"minecraft:iron_leggings":2,"minecraft:diamond_pickaxe":2,"mythicmetals:aquarium_axe":1,"mythicmetals:aquarium_pickaxe":2,"minecraft:iron_axe":2,"travellersbootsreloaded:travellers_boots_tier1":1,"minecraft:iron_pickaxe":3,"minecraft:iron_helmet":2,"minecraft:iron_shovel":4,"simplyswords:gold_cutlass":1,"minecraft:diamond_boots":1,"minecraft:stone_axe":2,"minecraft:stone_shovel":2,"mythicmetals:aquarium_shovel":1},"minecraft:mined":{"minecraft:cut_sandstone_slab":4,"graveyard:pedestal":1,"minecraft:white_bed":1,"minecraft:pink_bed":2,"graveyard:gray_urn":2,"minecraft:chiseled_red_sandstone":1,"minecraft:granite":26,"minecraft:acacia_log":42,"minecraft:jungle_log":1,"minecraft:deepslate_bricks":376,"minecraft:hopper":7,"minecraft:chiseled_stone_bricks":2,"minecraft:spawner":9,"minerally:geode":1,"minecraft:magma_block":3,"minecraft:cobbled_deepslate":8,"minecraft:barrel":2,"minecraft:fire":22,"minecraft:moss_carpet":10,"minecraft:deepslate_lapis_ore":8,"minecraft:fletching_table":1,"clutter:cow_plushie":1,"minecraft:polished_deepslate_slab":2,"minecraft:water_cauldron":6,"minecraft:small_amethyst_bud":2,"minecraft:oak_stairs":69,"minecraft:deepslate_brick_stairs":6,"minecraft:smooth_sandstone_stairs":1,"minecraft:tripwire":1,"minecraft:cut_sandstone":43,"minecraft:sandstone_slab":124,"minecraft:red_bed":28,"meadow:patched_bed":2,"minecraft:deepslate_brick_wall":144,"minecraft:smoker":7,"minecraft:amethyst_cluster":10,"minecraft:torch":60,"minecraft:blast_furnace":8,"regions_unexplored:peat_grass_block":1,"minecraft:melon":1,"minecraft:dead_bush":8,"galosphere:silver_ore":11,"minecraft:spruce_wall_sign":2,"minecraft:glass":10,"minecraft:smooth_sandstone_slab":3,"minecraft:amethyst_block":1,"minecraft:skeleton_skull":1,"minecraft:tinted_glass":1,"minecraft:stone_brick_stairs":2,"minecraft:grass":227,"minecraft:loom":3,"archon:earth_node":2,"minecraft:sandstone_wall":1,"minecraft:smooth_basalt":1,"twigs:rhyolite":1,"minecraft:cut_red_sandstone":1,"promenade:asphalt":2,"minecraft:stonecutter":4,"minecraft:deepslate":575,"minecraft:deepslate_tiles":2,"minecraft:mossy_cobblestone":23,"minecraft:jack_o_lantern":1,"minecraft:allium":2,"mythicmetals:silver_ore":15,"minecraft:spruce_fence":22,"graveyard:tg_deepslate":6,"minecraft:redstone_wire":1,"minecraft:moss_block":104,"minecraft:magenta_stained_glass_pane":4,"farmersdelight:wild_onions":8,"minerally:redstone_pile_0":1,"minecraft:redstone_ore":4,"mythicmetals:kyber_ore":1,"clutter:bonfire":1,"runes:crafting_altar":1,"minecraft:andesite":1,"graveyard:sarcophagus":17,"minecraft:cobblestone_slab":54,"minecraft:vine":2,"minecraft:rail":316,"minecraft:bamboo_sapling":3,"minecraft:bamboo":66,"minecraft:bone_block":15,"graveyard:small_blue_urn":1,"minecraft:cake":1,"minecraft:oak_slab":4,"minecraft:glass_pane":14,"minecraft:stone_brick_slab":2,"minecraft:smooth_sandstone":35,"minerally:redstone_pile":1,"minecraft:emerald_ore":8,"clutter:pearl_clam_block":3,"minecraft:copper_ore":11,"minecraft:tall_grass":113,"minecraft:dried_kelp_block":27,"minecraft:deepslate_gold_ore":39,"minecraft:cracked_deepslate_bricks":1,"minecraft:coarse_dirt":6,"graveyard:vase_block":6,"jewelry:deepslate_gem_vein":2,"betterarcheology:loot_vase_creeper":3,"twigs:tangerine_seashell":1,"minecraft:spruce_log":20,"hybrid-aquatic:message_in_a_bottle":1,"minecraft:gravel":55,"minecraft:cobweb":30,"minecraft:stone_bricks":22,"minecraft:chipped_anvil":4,"minecraft:fern":24,"minecraft:large_amethyst_bud":2,"minecraft:spruce_planks":199,"minecraft:oak_sapling":10,"minecraft:mossy_stone_brick_slab":2,"minecraft:spruce_trapdoor":3,"minecraft:cave_vines_plant":1,"minecraft:grass_block":3932,"minecraft:infested_cobblestone":8,"archon:cloud_iron":4,"graveyard:dark_iron_door":4,"minecraft:polished_diorite":3,"archon:sky_node":2,"minecraft:sandstone_stairs":34,"minecraft:iron_ore":274,"graveyard:leaning_wither_skeleton":1,"minecraft:potted_red_mushroom":1,"minecraft:iron_bars":14,"minerally:diamond_rock":1,"minecraft:spruce_slab":27,"graveyard:white_urn":1,"archon:magical_bookshelf":5,"minecraft:medium_amethyst_bud":2,"graveyard:spruce_coffin":3,"minecraft:clay":5,"minecraft:calcite":2,"minecraft:poppy":1,"minecraft:chest":26,"minecraft:cobblestone":443,"minecraft:wall_torch":25,"minecraft:oak_planks":69,"minecraft:powered_rail":5,"lootr:trophy":1,"mythicmetals:aquarium_ore":22,"mythicmetals:manganese_ore":20,"minecraft:cracked_deepslate_tiles":1,"minecraft:oak_log":322,"regions_unexplored:peat_dirt":2,"minecraft:sand":849,"minecraft:dirt":4965,"villagersplus:alchemist_table":1,"minecraft:dispenser":6,"villagersplus:occultist_table":1,"minecraft:tripwire_hook":1,"minecraft:oak_leaves":198,"minecraft:emerald_block":1,"soulsweapons:verglas_ore":1,"minecraft:tuff":1,"minecraft:dark_oak_leaves":3,"minecraft:deepslate_diamond_ore":96,"minecraft:candle":1,"mythicmetals:calcite_kyber_ore":3,"minecraft:glow_lichen":3,"minecraft:soul_campfire":1,"minecraft:spruce_leaves":8,"regions_unexplored:raw_redstone_block":2,"minecraft:sandstone":679,"minecraft:hay_block":33,"graveyard:soul_fire_brazier":5,"minecraft:deepslate_brick_slab":34,"minecraft:oak_trapdoor":59,"minecraft:spruce_sapling":1,"minecraft:furnace":15,"minerally:redstone_pile_1":1,"mythicmetals:tin_ore":18,"minecraft:chiseled_deepslate":1,"treechop:chopped_log":68,"minecraft:bookshelf":26,"bewitchment:salt_ore":15,"minecraft:lantern":27,"mythicmetals:runite_ore":2,"minecraft:wet_sponge":1,"regions_unexplored:medium_grass":2,"minecraft:stone":2591,"minecraft:podzol":11,"minecraft:acacia_leaves":70,"minecraft:scaffolding":41,"promenade:blunite":38,"minecraft:basalt":3,"minecraft:oak_fence":1,"graveyard:small_light_gray_urn":1,"minecraft:crafting_table":6,"minecraft:lectern":52,"minecraft:stone_slab":6,"minecraft:spruce_stairs":3,"farmersdelight:wild_beetroots":3,"witcher_rpg:deepslate_silver_ore":2,"minecraft:lime_bed":4,"spell_engine:spell_binding":4,"minecraft:redstone_torch":3,"regions_unexplored:redwood_leaves":2,"graveyard:dark_iron_bars":1,"minecraft:coal_ore":72,"minecraft:flower_pot":1,"graveyard:leaning_skeleton":1,"minecraft:cracked_stone_bricks":4,"minecraft:mossy_stone_bricks":9}},"DataVersion":3465}