{"stats":{"minecraft:crafted":{"minecraft:oak_sign":3,"mythicmetals:aquarium_shovel":3,"minecraft:diamond_shovel":5,"minecraft:bookshelf":28,"minecraft:glass":153,"minecraft:diamond_helmet":1,"minecraft:diamond_leggings":1,"minecraft:furnace_minecart":1,"regions_unexplored:palm_planks":56,"minecraft:emerald":9,"minecraft:diamond_axe":1,"minecraft:jungle_boat":5,"meadow:patched_bed":2,"naturescompass:naturescompass":1,"minecraft:compass":1,"minecraft:iron_pickaxe":2,"minecraft:gold_ingot":29,"minecraft:sandstone":72,"mythicmetals:manganese_ingot":4,"minecraft:spruce_fence_gate":2,"minecraft:stone_shovel":2,"minecraft:iron_nugget":171,"regions_unexplored:acacia_branch":2,"minecraft:bone_meal":9,"minecraft:spruce_fence":36,"minecraft:white_carpet":6,"minecraft:lantern":21,"minecraft:spruce_stairs":12,"minecraft:spruce_slab":342,"minecraft:stone_pickaxe":1,"mythicmetals:aquarium_axe":1,"minecraft:spruce_boat":3,"minecraft:dark_oak_planks":152,"minecraft:wheat":270,"minecraft:enchanting_table":1,"minecraft:sandstone_slab":60,"minecraft:wooden_axe":1,"minecraft:oak_stairs":64,"minecraft:iron_shovel":5,"minecraft:iron_leggings":2,"minecraft:oak_planks":944,"minecraft:cobblestone_slab":678,"meadow:inky_carpet":6,"minecraft:stone":438,"minecraft:cobblestone_stairs":32,"mythicmetals:aquarium_chestplate":1,"minecraft:hopper":13,"minecraft:iron_boots":1,"minecraft:chest":71,"minecraft:rail":256,"minecraft:oak_fence":6,"mythicmetals:tin_ingot":3,"minecraft:smoker":3,"minecraft:oak_slab":18,"minecraft:crafting_table":12,"minecraft:spruce_planks":836,"minecraft:wooden_pickaxe":1,"minecraft:iron_helmet":2,"mythicmetals:aquarium_pickaxe":3,"minecraft:iron_chestplate":1,"minecraft:diamond_pickaxe":2,"minecraft:stick":330,"minecraft:iron_ingot":304,"minecraft:redstone_torch":4,"minecraft:shears":1,"minecraft:sandstone_stairs":40,"minecraft:oak_door":3,"inmis:gilded_backpack":1,"minecraft:furnace":18,"minecraft:dark_oak_trapdoor":48,"inmis:bejeweled_backpack":1,"minecraft:oak_trapdoor":26,"minecraft:scaffolding":60,"minecraft:iron_axe":3,"regions_unexplored:palm_trapdoor":18,"minecraft:minecart":4,"minecraft:cooked_beef":36,"minecraft:spruce_sign":12,"minecraft:powered_rail":6,"minecraft:cooked_salmon":32,"mythicmetals:silver_ingot":6,"minecraft:stone_axe":2,"minecraft:bread":89,"minecraft:air":0,"minecraft:jungle_planks":48,"minecraft:stonecutter":1,"minecraft:acacia_planks":68,"minecraft:torch":140,"mythicmetals:aquarium_ingot":32,"minecraft:diamond_chestplate":1},"minecraft:picked_up":{"minecraft:iron_chestplate":1,"wizards:staff_arcane":2,"minecraft:chainmail_boots":3,"minecraft:flower_pot":1,"minecraft:diamond_sword":2,"minecraft:lead":2,"minecraft:oak_stairs":73,"minecraft:wither_rose":4,"minecraft:enchanted_book":6,"magistuarmory:barding":1,"minecraft:golden_sword":2,"minecraft:amethyst_block":3,"minecraft:string":85,"minecraft:soul_soil":1,"mythicmetals:raw_aquarium":29,"minecraft:cooked_salmon":17,"graveyard:sarcophagus":25,"minecraft:beetroot":7,"minecraft:gold_nugget":123,"minecraft:cobbled_deepslate":667,"bosses_of_mass_destruction:soul_star":1,"minecraft:spruce_planks":212,"inmis:plated_backpack":1,"minecraft:written_book":3,"paladins:diamond_claymore":1,"witcher_rpg:meteorite":1,"minecraft:acacia_log":45,"spellbladenext:flaming_falchion":3,"spellbladenext:whirlwindoil":3,"minecraft:golden_axe":1,"regions_unexplored:raw_redstone_block":1,"minecraft:golden_chestplate":1,"minecraft:stone_sword":4,"mythicmetals:raw_manganese":62,"villagersplus:occultist_table":1,"farmersdelight:rope":22,"hybrid-aquatic:lightfoot_crab_claw":2,"minecraft:blaze_rod":6,"villagersplus:alchemist_table":1,"minecraft:iron_bars":13,"minecraft:furnace_minecart":9,"minecraft:magma_block":5,"minecraft:polished_diorite_slab":2,"minecraft:feather":4,"farmersdelight:rice":3,"minecraft:iron_door":2,"minecraft:water_bucket":2,"minecraft:jungle_log":17,"minecraft:smoker":6,"minecraft:flint":28,"minecraft:stripped_spruce_wood":1,"mcdw:glaive_cackling_broom":2,"minecraft:map":1,"mythicmetals:carmot_staff_smithing_template":1,"minecraft:lantern":32,"lootr:trophy":1,"minecraft:chipped_anvil":4,"frostiful:frost_tipped_arrow":2,"minecraft:stonecutter":2,"jewelry:copper_ring":2,"ftbquests:book":1,"graveyard:white_urn":1,"minecraft:glowstone_dust":12,"galosphere:raw_silver":36,"minecraft:moss_block":114,"mythicmetals:raw_silver":44,"regions_unexplored:bamboo_log":16,"patchouli:guide_book":1,"archon:earth_gem":8,"hybrid-aquatic:piranha":7,"minecraft:loom":3,"regions_unexplored:palm_log":14,"minecraft:dark_oak_log":132,"minecraft:barrel":2,"minecraft:dispenser":2,"minecraft:writable_book":1,"minecraft:blue_ice":4,"minecraft:granite":26,"minecraft:chainmail_helmet":2,"bewitchment:ectoplasm":6,"qu-enchantments:rune_1":1,"minecraft:jack_o_lantern":1,"twigs:rhyolite":1,"minecraft:bricks":4,"minecraft:diamond_pickaxe":2,"minecraft:crafting_table":8,"minecraft:coarse_dirt":6,"minecraft:sandstone_slab":135,"mutantmonsters:mutant_skeleton_arms":1,"minecraft:golden_pickaxe":1,"graveyard:dark_iron_ingot":1,"runes:crafting_altar":1,"friendsandfoes:totem_of_illusion":2,"paraglider:heart_container":1,"minecraft:red_bed":29,"minecraft:compass":2,"minecraft:iron_shovel":1,"graveyard:soul_fire_brazier":10,"dungeonnowloading:spawner_fragment":24,"more_rpg_classes:hardened_leather":1,"clutter:raw_silver":20,"minecraft:cracked_stone_bricks":3,"minecraft:poppy":4,"minecraft:jungle_sapling":8,"spellbladenext:fire_claymore":2,"minecraft:iron_nugget":133,"minecraft:spruce_slab":33,"minecraft:minecart":9,"minecraft:chest":28,"spellbladenext:arcane_blade":3,"minecraft:egg":1,"minecraft:sandstone":824,"minecraft:polished_deepslate_slab":10,"minecraft:stone":166,"minecraft:oak_door":4,"wizards:wizard_robe_legs":1,"minecraft:spruce_fence":22,"minecraft:fire_charge":2,"mcda:evocation_robe_leggings":1,"mythicmetals:raw_tin":36,"graveyard:dark_iron_bars":1,"minecraft:carrot":103,"minecraft:redstone":22,"mcdar:flaming_quiver":3,"minecraft:beetroot_seeds":6,"mcda:phantom_bones":1,"minecraft:deepslate_bricks":2,"minecraft:diamond_boots":1,"minecraft:hay_block":32,"minecraft:sandstone_stairs":34,"spell_engine:spell_binding":4,"minecraft:cracked_deepslate_bricks":1,"mythicmetals:manganese_ingot":8,"minecraft:gold_ingot":1,"minecraft:totem_of_undying":2,"minecraft:rail":222,"minecraft:mutton":15,"minecraft:white_wool":5,"minecraft:bone_block":30,"soaringstructures2:bunch_heavenly_petals":12,"minecraft:lime_bed":4,"epicknightsnmages:citrin_gem":24,"mythicmounts:firebird_feather4":3,"minecraft:clock":2,"clutter:hops_seeds":1,"minecraft:filled_map":6,"smallships:spruce_drakkar":2,"graveyard:spruce_coffin":3,"minecraft:oak_log":864,"minecraft:golden_boots":1,"bewitchment:aconite_seeds":23,"minecraft:paper":14,"minecraft:white_banner":7,"minecraft:apple":33,"minecraft:stone_bricks":29,"minecraft:stone_pickaxe":1,"minecraft:cobweb":47,"minecraft:glass_bottle":3,"minecraft:iron_sword":3,"spellbladenext:arcane_claymore":2,"endrem:witch_pupil":1,"minecraft:sculk":3,"archon:sky_gem":2,"runes:arcane_stone":1,"minecraft:gravel":2,"twigs:bronzed_seashell":5,"clutter:cotton_seeds":2,"minecraft:spruce_sapling":77,"minecraft:spruce_log":509,"mythicmetals:silver_ingot":6,"minecraft:leather_helmet":2,"minecraft:firework_rocket":8,"minecraft:diamond_shovel":1,"minecraft:slime_ball":3,"minecraft:stone_axe":1,"runes:frost_stone":1,"spellbladenext:spelloil":3,"minecraft:painting":3,"minecraft:melon_seeds":3,"artifality:zeus_staff":1,"minecraft:hopper":7,"minecraft:ender_pearl":5,"archon:magical_bookshelf":4,"clutter:clam":3,"livingthings:crab":10,"minecraft:wheat":33,"illagerinvasion:platinum_chunk":10,"travellersbootsreloaded:travellers_boots_tier1":1,"soulsweapons:moonstone":10,"minecraft:potion":2,"minecraft:stone_brick_stairs":1,"mythicmetals:raw_kyber":7,"minecraft:raw_copper":185,"minecraft:iron_leggings":3,"minecraft:armor_stand":3,"minecraft:experience_bottle":1,"minecraft:oak_sign":2,"mcdar:iron_hide_amulet":4,"minecraft:deepslate_tiles":2,"regions_unexplored:bamboo_sapling":1,"twigs:pebble":2,"minecraft:redstone_torch":3,"minecraft:cobblestone_slab":79,"minecraft:calcite":2,"minecraft:azalea":2,"minecraft:iron_pickaxe":5,"minecraft:iron_boots":2,"minecraft:furnace":13,"minecraft:tipped_arrow":27,"minecraft:stick":86,"soaringstructures2:heavenly_cup":3,"clutter:cow_plushie":1,"minecraft:oak_fence":2,"minecraft:torch":104,"minecraft:spruce_stairs":9,"twigs:bamboo_leaves":125,"minecraft:porkchop":2,"artifality:balloon":1,"spellbladenext:frost_orb":2,"minecraft:dried_kelp":19,"minecraft:pointed_dripstone":42,"mythicmetals:morkite":80,"minecraft:goat_horn":1,"mutantmonsters:hulk_hammer":4,"minecraft:rotten_flesh":176,"graveyard:gray_urn":2,"meadow:patched_bed":1,"minecraft:obsidian":13,"minecraft:deepslate_brick_stairs":1,"twigs:tangerine_seashell":2,"minecraft:cobblestone":1829,"archon:cloudshot_tome":1,"minecraft:nautilus_shell":2,"minecraft:enchanting_table":1,"archon:glisteel_ingot":4,"spellbladenext:monkeystaff":1,"minecraft:potato":25,"paraglider:spirit_orb":14,"minecraft:tuff":9,"minecraft:smooth_sandstone_stairs":1,"graveyard:dark_iron_door":3,"minecraft:lapis_lazuli":1,"minecraft:dirt":10281,"minecraft:cut_sandstone_slab":6,"minecraft:name_tag":1,"mcdar:boots_of_swiftness":2,"minecraft:glass":2,"minecraft:bone":270,"minecraft:acacia_planks":14,"minecraft:bow":2,"minecraft:wheat_seeds":146,"minecraft:raw_gold":72,"minecraft:cobbled_deepslate_slab":1,"minecraft:mossy_stone_brick_stairs":1,"minecraft:fletching_table":1,"minecraft:mossy_stone_bricks":4,"minecraft:cyan_candle":6,"minecraft:bamboo":491,"minecraft:powered_rail":9,"twigs:twig":247,"meadow:umbra_wool":3,"minecraft:oak_planks":172,"friendsandfoes:totem_of_freezing":2,"spellbladenext:fire_orb":1,"promenade:duck":1,"betterarcheology:artifact_shards":1,"minecraft:poisonous_potato":10,"minecraft:sand":779,"soaringstructures2:ancient_rose":1,"minecraft:jungle_planks":7,"mythicmetals:raw_quadrillum":3,"minecraft:mossy_cobblestone":2,"galosphere:silver_nugget":31,"artifacts:plastic_drinking_hat":1,"clutter:copper_coin":33,"minecraft:sugar":2,"minecraft:diamond":48,"minecraft:spruce_boat":6,"minecraft:crossbow":9,"minecraft:bone_meal":24,"soulsweapons:verglas":1,"minecraft:spruce_sign":10,"minecraft:emerald":162,"mcdar:buzzy_nest":2,"minecraft:chiseled_red_sandstone":1,"minecraft:oak_sapling":199,"tridents_n_stuff:prismarine_harpoon":10,"minecraft:charcoal":16,"minecraft:ladder":2,"digs_dnd_origins:black_scale":1,"minecraft:brick":4,"promenade:blunite":66,"minecraft:shield":10,"minecraft:oak_trapdoor":67,"minecraft:moss_carpet":30,"minecraft:iron_axe":3,"minecraft:item_frame":58,"graveyard:corruption":39,"mythicmobs:chupacabra_raw_meat":3,"mcdar:golem_kit":2,"minecraft:lectern":51,"minecraft:tinted_glass":2,"minecraft:spruce_trapdoor":8,"minecraft:phantom_membrane":8,"minecraft:dark_oak_sapling":6,"minecraft:raw_iron":286,"promenade:asphalt":4,"minecraft:copper_ingot":69,"runes:fire_stone":1,"minecraft:stone_button":3,"minecraft:trident":2,"meadow:inky_wool":8,"mythicmetals:aquarium_pickaxe":2,"berserker_rpg:golden_berserker_axe":1,"minecraft:stone_pressure_plate":10,"minecraft:smooth_sandstone_slab":3,"mythicmetals:raw_runite":8,"minecraft:arrow":89,"clutter:bonfire":1,"bewitchment:garlic":19,"xtraarrows:vex_wing":34,"artifacts:cowboy_hat":1,"mutantmonsters:mutant_skeleton_rib":10,"minecraft:saddle":1,"witcher_rpg:dark_iron_witcher_sword":2,"wizards:staff_fire":1,"minecraft:skeleton_skull":6,"mcdar:updraft_tome":1,"minecraft:wet_sponge":1,"regions_unexplored:peat_dirt":3,"minecraft:jungle_boat":34,"minecraft:basalt":3,"regions_unexplored:palm_planks":2,"minecraft:salmon":96,"minecraft:cut_sandstone":80,"minecraft:leather":5,"mcdar:death_cap_mushroom":2,"minecraft:chainmail_chestplate":2,"mythicmetals:tin_ingot":3,"minecraft:cobblestone_stairs":5,"minecraft:gunpowder":78,"mythicmetals:aquarium_chestplate":1,"minecraft:smooth_sandstone":35,"minecraft:spruce_wood":7,"bewitchment:mandrake_seeds":19,"minecraft:iron_ingot":80,"meadow:patched_wool":10,"minecraft:acacia_sapling":29,"minecraft:book":82,"minecraft:oak_slab":17,"minecraft:scaffolding":61,"minecraft:pink_bed":2,"minecraft:black_candle":9,"minecraft:emerald_block":2,"minecraft:chiseled_stone_bricks":2,"minecraft:stone_brick_slab":3,"minecraft:quartz":8,"bewitchment:belladonna_seeds":11,"minecraft:amethyst_shard":71,"bewitchment:salt":40,"minecraft:blast_furnace":8,"minecraft:white_bed":2,"clutter:common_coin_pouch":1,"minecraft:mossy_stone_brick_slab":6,"minecraft:spider_eye":28,"minecraft:cut_red_sandstone":2,"minecraft:dried_kelp_block":31,"regions_unexplored:silver_birch_log":1,"regions_unexplored:blackwood_sapling":1,"minecraft:chainmail_leggings":1,"minecraft:coal":215},"minecraft:killed_by":{"minecraft:vex":2,"mutantmonsters:mutant_skeleton":2,"minecraft:witch":5,"minecraft:illusioner":1,"minecraft:player":7,"minecraft:spider":1},"minecraft:mined":{"minecraft:cut_sandstone_slab":4,"graveyard:pedestal":1,"minecraft:white_bed":1,"minecraft:pink_bed":2,"graveyard:gray_urn":2,"minecraft:chiseled_red_sandstone":1,"minecraft:granite":26,"minecraft:acacia_log":42,"minecraft:jungle_log":1,"minecraft:deepslate_bricks":1,"minecraft:hopper":7,"minecraft:chiseled_stone_bricks":2,"minecraft:spawner":9,"minerally:geode":1,"minecraft:magma_block":3,"minecraft:barrel":2,"minecraft:cobbled_deepslate":7,"minecraft:fire":22,"minecraft:moss_carpet":10,"minecraft:fletching_table":1,"clutter:cow_plushie":1,"minecraft:polished_deepslate_slab":2,"minecraft:water_cauldron":6,"minecraft:oak_stairs":69,"minecraft:small_amethyst_bud":2,"minecraft:smooth_sandstone_stairs":1,"minecraft:tripwire":1,"minecraft:sandstone_slab":124,"minecraft:cut_sandstone":43,"minecraft:red_bed":28,"meadow:patched_bed":1,"minecraft:smoker":7,"minecraft:amethyst_cluster":10,"minecraft:torch":57,"minecraft:blast_furnace":8,"regions_unexplored:peat_grass_block":1,"minecraft:melon":1,"minecraft:dead_bush":8,"galosphere:silver_ore":11,"minecraft:spruce_wall_sign":2,"minecraft:glass":3,"minecraft:smooth_sandstone_slab":3,"minecraft:amethyst_block":1,"minecraft:skeleton_skull":1,"minecraft:tinted_glass":1,"minecraft:stone_brick_stairs":2,"minecraft:grass":226,"archon:earth_node":2,"minecraft:loom":3,"minecraft:sandstone_wall":1,"minecraft:smooth_basalt":1,"twigs:rhyolite":1,"minecraft:cut_red_sandstone":1,"minecraft:stonecutter":4,"promenade:asphalt":2,"minecraft:deepslate":259,"minecraft:deepslate_tiles":2,"minecraft:mossy_cobblestone":4,"minecraft:jack_o_lantern":1,"mythicmetals:silver_ore":15,"minecraft:spruce_fence":22,"graveyard:tg_deepslate":6,"minecraft:moss_block":103,"minerally:redstone_pile_0":1,"minecraft:redstone_ore":4,"mythicmetals:kyber_ore":1,"clutter:bonfire":1,"runes:crafting_altar":1,"minecraft:andesite":1,"graveyard:sarcophagus":17,"minecraft:cobblestone_slab":52,"minecraft:vine":2,"minecraft:rail":210,"minecraft:bamboo":50,"minecraft:bone_block":15,"minecraft:cake":1,"graveyard:small_blue_urn":1,"minecraft:oak_slab":3,"minecraft:glass_pane":14,"minecraft:stone_brick_slab":2,"minecraft:smooth_sandstone":35,"minerally:redstone_pile":1,"minecraft:emerald_ore":8,"clutter:pearl_clam_block":3,"minecraft:copper_ore":11,"minecraft:tall_grass":111,"minecraft:dried_kelp_block":27,"minecraft:deepslate_gold_ore":29,"minecraft:cracked_deepslate_bricks":1,"minecraft:coarse_dirt":6,"graveyard:vase_block":6,"betterarcheology:loot_vase_creeper":3,"twigs:tangerine_seashell":1,"minecraft:spruce_log":20,"hybrid-aquatic:message_in_a_bottle":1,"minecraft:gravel":3,"minecraft:cobweb":30,"minecraft:stone_bricks":20,"minecraft:chipped_anvil":4,"minecraft:fern":24,"minecraft:large_amethyst_bud":2,"minecraft:spruce_planks":199,"minecraft:oak_sapling":10,"minecraft:mossy_stone_brick_slab":1,"minecraft:spruce_trapdoor":3,"minecraft:grass_block":3910,"archon:cloud_iron":4,"graveyard:dark_iron_door":4,"minecraft:polished_diorite":3,"archon:sky_node":2,"minecraft:sandstone_stairs":34,"minecraft:iron_ore":274,"graveyard:leaning_wither_skeleton":1,"minecraft:potted_red_mushroom":1,"minecraft:iron_bars":14,"minerally:diamond_rock":1,"minecraft:spruce_slab":27,"graveyard:white_urn":1,"archon:magical_bookshelf":5,"minecraft:medium_amethyst_bud":2,"graveyard:spruce_coffin":3,"minecraft:calcite":2,"minecraft:poppy":1,"minecraft:chest":24,"minecraft:cobblestone":384,"minecraft:oak_planks":66,"minecraft:wall_torch":22,"minecraft:powered_rail":5,"lootr:trophy":1,"mythicmetals:aquarium_ore":22,"mythicmetals:manganese_ore":20,"minecraft:cracked_deepslate_tiles":1,"minecraft:oak_log":321,"regions_unexplored:peat_dirt":2,"minecraft:sand":849,"minecraft:dirt":4793,"villagersplus:alchemist_table":1,"minecraft:dispenser":5,"minecraft:tripwire_hook":1,"villagersplus:occultist_table":1,"minecraft:oak_leaves":198,"minecraft:emerald_block":1,"soulsweapons:verglas_ore":1,"minecraft:dark_oak_leaves":3,"minecraft:deepslate_diamond_ore":25,"minecraft:candle":1,"mythicmetals:calcite_kyber_ore":3,"minecraft:glow_lichen":3,"minecraft:soul_campfire":1,"minecraft:spruce_leaves":8,"regions_unexplored:raw_redstone_block":2,"minecraft:sandstone":679,"minecraft:hay_block":33,"graveyard:soul_fire_brazier":5,"minecraft:oak_trapdoor":59,"minecraft:spruce_sapling":1,"minecraft:furnace":15,"minerally:redstone_pile_1":1,"mythicmetals:tin_ore":9,"treechop:chopped_log":68,"minecraft:bookshelf":26,"bewitchment:salt_ore":12,"minecraft:lantern":27,"mythicmetals:runite_ore":2,"minecraft:wet_sponge":1,"regions_unexplored:medium_grass":1,"minecraft:stone":1442,"minecraft:podzol":11,"minecraft:acacia_leaves":70,"minecraft:scaffolding":41,"promenade:blunite":38,"minecraft:basalt":3,"graveyard:small_light_gray_urn":1,"minecraft:oak_fence":1,"minecraft:crafting_table":6,"minecraft:lectern":52,"minecraft:stone_slab":6,"farmersdelight:wild_beetroots":3,"minecraft:spruce_stairs":3,"minecraft:lime_bed":4,"witcher_rpg:deepslate_silver_ore":2,"spell_engine:spell_binding":4,"minecraft:redstone_torch":3,"regions_unexplored:redwood_leaves":2,"graveyard:dark_iron_bars":1,"minecraft:coal_ore":60,"minecraft:flower_pot":1,"graveyard:leaning_skeleton":1,"minecraft:cracked_stone_bricks":4,"minecraft:mossy_stone_bricks":5},"minecraft:dropped":{"minecraft:iron_sword":3,"artifality:balloon":2,"minecraft:porkchop":2,"clutter:clam":2,"minecraft:glass_bottle":5,"minecraft:diamond":7,"mythicmetals:raw_silver":21,"minecraft:crafting_table":4,"spellbladenext:arcane_claymore":2,"minecraft:sandstone_stairs":2,"minecraft:crossbow":7,"mythicmetals:raw_runite":6,"mythicmetals:manganese_ingot":8,"minecraft:mossy_stone_brick_stairs":1,"minecraft:cracked_stone_bricks":2,"minecraft:saddle":2,"promenade:duck":1,"minecraft:cut_sandstone_slab":4,"graveyard:corruption":10,"minecraft:leather_helmet":2,"mcdar:updraft_tome":1,"minecraft:item_frame":16,"minecraft:emerald":145,"bewitchment:aconite_seeds":7,"twigs:pebble":2,"regions_unexplored:palm_planks":2,"minecraft:dirt":2763,"mythicmounts:firebird_feather4":3,"minecraft:stone_button":3,"minecraft:dark_oak_trapdoor":2,"minecraft:jungle_sapling":8,"minecraft:gold_nugget":112,"minecraft:writable_book":1,"minecraft:bone_block":15,"minecraft:bone_meal":9,"minecraft:phantom_membrane":2,"minecraft:sand":31,"minecraft:iron_pickaxe":4,"meadow:inky_wool":2,"minecraft:dark_oak_planks":8,"minecraft:white_wool":1,"bewitchment:belladonna_seeds":4,"minecraft:bone":6,"minecraft:oak_door":1,"magistuarmory:barding":1,"mcdar:death_cap_mushroom":2,"minecraft:stone_axe":1,"minecraft:emerald_block":1,"mutantmonsters:hulk_hammer":2,"bewitchment:salt":1,"minecraft:iron_nugget":123,"minecraft:golden_chestplate":1,"minecraft:cobbled_deepslate":386,"minecraft:tinted_glass":1,"minecraft:wheat":67,"minecraft:obsidian":13,"soulsweapons:moonstone":5,"minecraft:rotten_flesh":30,"minecraft:oak_planks":107,"meadow:patched_wool":1,"minecraft:glowstone_dust":4,"minecraft:tipped_arrow":53,"minecraft:deepslate_tiles":2,"minecraft:charcoal":9,"minecraft:ladder":2,"minecraft:acacia_sapling":1,"minecraft:leather_leggings":1,"minecraft:spruce_slab":9,"minecraft:golden_boots":1,"minecraft:enchanted_book":2,"minecraft:iron_ingot":25,"minecraft:wheat_seeds":35,"endrem:witch_pupil":1,"clutter:copper_coin":33,"spellbladenext:fire_orb":1,"minecraft:feather":2,"minecraft:cobblestone":100,"mythicmetals:aquarium_chestplate":1,"minecraft:chainmail_helmet":2,"minecraft:coal":36,"minecraft:cobweb":46,"clutter:hops_seeds":1,"galosphere:raw_silver":18,"minecraft:sculk":3,"minecraft:wooden_axe":1,"minecraft:oak_stairs":5,"minecraft:white_banner":5,"minecraft:jungle_boat":4,"minecraft:paper":2,"graveyard:soul_fire_brazier":5,"paladins:diamond_claymore":1,"minecraft:iron_shovel":1,"minecraft:chainmail_leggings":1,"minecraft:string":48,"minecraft:smooth_sandstone":12,"meadow:umbra_wool":3,"minecraft:acacia_planks":20,"minecraft:spruce_sapling":4,"minecraft:stone_brick_slab":4,"mythicmetals:aquarium_pickaxe":2,"travellersbootsreloaded:travellers_boots_tier1":1,"minecraft:bricks":2,"twigs:rhyolite":1,"minecraft:moss_carpet":14,"minecraft:soul_soil":1,"minecraft:polished_diorite_slab":1,"minecraft:stone_sword":4,"minecraft:chiseled_red_sandstone":1,"minecraft:polished_deepslate_slab":10,"minecraft:iron_boots":1,"minecraft:cobbled_deepslate_slab":1,"promenade:asphalt":2,"mythicmetals:raw_kyber":4,"minecraft:oak_sign":2,"galosphere:silver_nugget":31,"minecraft:diamond_sword":1,"jewelry:copper_ring":1,"minecraft:cobblestone_slab":50,"minecraft:spruce_boat":2,"minecraft:stone":104,"minecraft:flower_pot":1,"bewitchment:mandrake_seeds":5,"minecraft:spruce_trapdoor":5,"minecraft:spruce_planks":25,"minecraft:diamond_pickaxe":2,"bewitchment:ectoplasm":2,"mythicmetals:raw_manganese":29,"minecraft:stone_pressure_plate":10,"minecraft:bamboo":4,"minecraft:spider_eye":16,"minecraft:stone_bricks":21,"minecraft:sandstone":241,"berserker_rpg:golden_berserker_axe":1,"minecraft:bow":1,"livingthings:crab":10,"minecraft:stripped_spruce_wood":1,"minecraft:magma_block":5,"archon:earth_gem":4,"spellbladenext:arcane_blade":2,"graveyard:dark_iron_bars":1,"minecraft:spruce_sign":8,"hybrid-aquatic:lightfoot_crab_claw":2,"minecraft:moss_block":59,"mythicmetals:raw_tin":28,"minecraft:oak_log":45,"minecraft:ender_pearl":4,"minecraft:loom":1,"artifality:zeus_staff":1,"minecraft:sandstone_slab":13,"minecraft:lantern":1,"minecraft:leather":2,"spell_engine:spell_binding":1,"minecraft:jungle_planks":3,"mcda:evocation_robe_leggings":1,"farmersdelight:rice":1,"minecraft:cobblestone_stairs":5,"minecraft:dark_oak_log":41,"minecraft:dispenser":2,"hybrid-aquatic:piranha":3,"mythicmobs:chupacabra_raw_meat":2,"twigs:bronzed_seashell":5,"minecraft:cut_sandstone":37,"betternether:bowl_upgrade_smithing_template":1,"mcdar:boots_of_swiftness":1,"spellbladenext:flaming_falchion":3,"smallships:spruce_drakkar":1,"twigs:twig":67,"minecraft:gold_ingot":2,"minecraft:armor_stand":1,"regions_unexplored:raw_redstone_block":1,"mythicmetals:raw_quadrillum":2,"minecraft:pointed_dripstone":42,"tridents_n_stuff:prismarine_harpoon":5,"minecraft:mossy_stone_brick_slab":8,"soaringstructures2:bunch_heavenly_petals":1,"archon:sky_gem":2,"minecraft:carrot":595,"patchouli:guide_book":1,"minecraft:chainmail_chestplate":2,"minecraft:chiseled_stone_bricks":2,"minecraft:poppy":4,"regions_unexplored:peat_dirt":3,"minecraft:trident":1,"minecraft:gunpowder":18,"minecraft:skeleton_skull":2,"promenade:blunite":46,"minecraft:beetroot_seeds":4,"minecraft:melon_seeds":3,"minecraft:spruce_wood":7,"more_rpg_classes:hardened_leather":1,"minecraft:chest":3,"minecraft:chainmail_boots":3,"spellbladenext:fire_claymore":2,"minecraft:powered_rail":8,"minecraft:basalt":3,"minecraft:iron_bars":9,"minecraft:arrow":42,"minecraft:quartz":8,"minecraft:written_book":3,"minecraft:enchanting_table":1,"meadow:inky_carpet":6,"wizards:staff_arcane":1,"minecraft:water_bucket":2,"twigs:bamboo_leaves":78,"minecraft:oak_slab":13,"archon:glisteel_ingot":4,"minecraft:mossy_cobblestone":2,"minecraft:minecart":2,"mythicmetals:morkite":66,"minecraft:golden_axe":1,"mythicmetals:silver_ingot":6,"minecraft:copper_ingot":38,"minecraft:spruce_stairs":6,"minecraft:acacia_log":13,"minecraft:grass_block":1,"witcher_rpg:dark_iron_witcher_sword":1,"minecraft:stick":78,"epicknightsnmages:citrin_gem":24,"minecraft:deepslate_brick_stairs":1,"illagerinvasion:platinum_chunk":2,"spellbladenext:spelloil":1,"mythicmetals:raw_aquarium":1,"witcher_rpg:meteorite":1,"minecraft:iron_door":1,"bewitchment:garlic":3,"minecraft:iron_leggings":2,"clutter:raw_silver":10,"minecraft:wither_rose":4,"minecraft:iron_axe":4,"minecraft:bucket":1,"mythicmetals:aquarium_ingot":2,"graveyard:dark_iron_door":3,"mcdar:flaming_quiver":1,"minecraft:oak_trapdoor":8,"mcdar:iron_hide_amulet":2,"minecraft:blaze_rod":6,"minecraft:raw_copper":86,"minecraft:tuff":6,"regions_unexplored:acacia_branch":2,"minecraft:raw_iron":24,"spellbladenext:frost_orb":2,"minecraft:glass_pane":2,"dungeonnowloading:spawner_fragment":20,"regions_unexplored:silver_birch_log":1,"twigs:tangerine_seashell":2,"spellbladenext:monkeystaff":1,"soaringstructures2:heavenly_cup":3,"minecraft:deepslate_bricks":1,"minecraft:filled_map":2,"minecraft:shield":8,"minecraft:iron_chestplate":1,"minecraft:blue_ice":4,"regions_unexplored:blackwood_sapling":1,"minecraft:mossy_stone_bricks":4,"minecraft:oak_sapling":91,"minecraft:golden_sword":3,"mythicmetals:tin_ingot":3,"minecraft:spruce_log":126,"minecraft:diamond_boots":1,"minecraft:calcite":1,"minecraft:stone_pickaxe":2,"minecraft:wooden_pickaxe":1,"minecraft:raw_gold":43,"graveyard:sarcophagus":8,"frostiful:frost_tipped_arrow":2,"minecraft:cracked_deepslate_bricks":1,"minecraft:nautilus_shell":2,"xtraarrows:vex_wing":25,"minecraft:brick":4},"minecraft:used":{"minecraft:jack_o_lantern":1,"minecraft:spruce_slab":366,"minecraft:chest":80,"minecraft:stone":295,"lootr:trophy":2,"graveyard:white_urn":1,"travellersbootsreloaded:travellers_boots_tier1":1,"minecraft:spruce_boat":7,"minecraft:lava_bucket":3,"minecraft:grass_block":2,"minecraft:stone_brick_stairs":1,"mutantmonsters:hulk_hammer":3,"minecraft:oak_sapling":72,"minecraft:furnace":20,"minecraft:powered_rail":7,"minecraft:wooden_pickaxe":19,"villagersplus:alchemist_table":1,"minecraft:jungle_boat":39,"minecraft:dark_oak_trapdoor":46,"minecraft:sand":42,"minecraft:cut_sandstone_slab":2,"minecraft:blast_furnace":8,"minecraft:lectern":52,"minecraft:cut_red_sandstone":2,"minecraft:diamond_sword":97,"clutter:cow_plushie":2,"minecraft:oak_trapdoor":70,"minecraft:enchanting_table":1,"minecraft:armor_stand":1,"spellbladenext:monkeystaff":4,"minecraft:tinted_glass":1,"minecraft:cooked_salmon":49,"minecraft:torch":214,"minecraft:chipped_anvil":4,"spellbladenext:flaming_falchion":1262,"minecraft:iron_axe":419,"villagersplus:occultist_table":1,"minecraft:barrel":2,"minecraft:bamboo":4,"twigs:bamboo_leaves":5,"soaringstructures2:heavenly_tea":2,"minecraft:water_bucket":230,"minecraft:sandstone_stairs":60,"mythicmetals:aquarium_shovel":2110,"minecraft:fletching_table":1,"minecraft:spruce_fence_gate":2,"minecraft:cracked_stone_bricks":1,"minecraft:rail":478,"minecraft:oak_slab":12,"minecraft:crafting_table":16,"minecraft:red_bed":33,"minecraft:oak_log":473,"minecraft:diamond_pickaxe":2253,"minecraft:diamond_shovel":6039,"minecraft:iron_pickaxe":724,"minecraft:spruce_trapdoor":1,"minecraft:spruce_sapling":49,"simplyswords:gold_cutlass":29,"minecraft:pink_bed":2,"minecraft:cobblestone":1711,"minecraft:potion":2,"minecraft:sandstone_slab":158,"minecraft:glass_pane":52,"berserker_rpg:golden_berserker_axe":1,"minecraft:iron_shovel":901,"minecraft:oak_sign":1,"minecraft:shield":25,"minecraft:smooth_sandstone_stairs":1,"paraglider:goddess_statue":1,"minecraft:furnace_minecart":9,"minecraft:glass":110,"graveyard:gray_urn":2,"witcher_rpg:dark_iron_witcher_sword":5,"spellbladenext:frost_orb":1,"minecraft:lantern":39,"minecraft:stone_bricks":57,"minecraft:item_frame":38,"minecraft:scaffolding":67,"minecraft:hay_block":2,"minecraft:written_book":1,"mythicmetals:aquarium_pickaxe":1362,"minecraft:dark_oak_sapling":4,"clutter:bonfire":1,"minecraft:stone_pickaxe":17,"minecraft:oak_planks":402,"minecraft:sandstone":217,"paladins:diamond_claymore":4,"minecraft:diamond_axe":947,"graveyard:spruce_coffin":3,"minecraft:loom":2,"minecraft:crossbow":5,"minecraft:sponge":21,"minecraft:redstone_torch":7,"minecraft:bread":24,"promenade:blunite":20,"minecraft:bone_meal":9,"minecraft:experience_bottle":60,"minecraft:oak_fence":7,"minecraft:trident":2,"graveyard:sarcophagus":17,"minecraft:stone_shovel":300,"minecraft:spruce_planks":209,"minecraft:oak_door":4,"minecraft:dirt":1979,"minecraft:hopper":20,"minecraft:spruce_stairs":12,"regions_unexplored:palm_trapdoor":18,"minecraft:spruce_fence":48,"minecraft:wooden_axe":29,"minecraft:bookshelf":37,"minecraft:oak_stairs":117,"mythicmetals:aquarium_axe":367,"minecraft:smooth_sandstone":10,"simplyswords:diamond_greathammer":58,"minecraft:iron_boots":1,"minecraft:minecart":9,"minecraft:cooked_beef":29,"minecraft:cobblestone_stairs":27,"minecraft:baked_potato":5,"minecraft:cut_sandstone":6,"minecraft:spruce_sign":12,"minecraft:stonecutter":3,"minecraft:cobblestone_slab":576,"minecraft:lime_bed":9,"graveyard:soul_fire_brazier":5,"mcdar:buzzy_nest":1,"meadow:patched_bed":3,"minecraft:painting":1,"minecraft:smoker":9,"minecraft:stone_axe":266,"twigs:twig":1,"minecraft:white_banner":2,"minecraft:bucket":231,"archon:magical_bookshelf":4},"minecraft:killed":{"guardvillagers:guard":7,"minecraft:cave_spider":2,"graveyard:wraith":19,"illagerinvasion:basher":5,"minecraft:skeleton":39,"minecraft:guardian":1,"graveyard:acolyte":2,"minecraft:chicken":1,"illagerinvasion:necromancer":2,"minecraft:iron_golem":1,"livingthings:mantaray":3,"mutantmonsters:mutant_skeleton":1,"endermanoverhaul:savanna_enderman":1,"minecraft:pillager":18,"archon:mana_leech":2,"minecraft:zombie":54,"minecraft:evoker":2,"graveyard:corrupted_vindicator":27,"minecraft:vindicator":11,"hybrid-aquatic:lightfoot_crab":1,"illagerinvasion:marauder":9,"livingthings:crab":4,"mythicmounts:firebird":1,"wildlife:lark":1,"hybrid-aquatic:piranha":3,"minecraft:witch":6,"graveyard:skeleton_creeper":3,"minecraft:spider":29,"illagerinvasion:provoker":3,"minecraft:illusioner":1,"minecraft:pig":1,"minecraft:zombie_villager":3,"illagerinvasion:alchemist":3,"minecraft:creeper":11,"bewitchment:raven":2,"illagerinvasion:sorcerer":1,"minecraft:stray":3,"graveyard:corrupted_pillager":19,"minecraft:vex":10,"promenade:duck":1,"bewitchment:ghost":1,"minecraft:phantom":4,"mythicmobs:chupacabra":2,"minecraft:drowned":37,"wildlife:hermitcrab":1,"friendsandfoes:iceologer":2,"mutantmonsters:mutant_zombie":2,"minecraft:villager":2},"minecraft:broken":{"minecraft:iron_boots":2,"minecraft:iron_chestplate":1,"minecraft:iron_leggings":2,"minecraft:diamond_pickaxe":1,"mythicmetals:aquarium_axe":1,"mythicmetals:aquarium_pickaxe":2,"minecraft:iron_axe":2,"travellersbootsreloaded:travellers_boots_tier1":1,"minecraft:iron_pickaxe":3,"minecraft:iron_helmet":2,"minecraft:iron_shovel":4,"simplyswords:gold_cutlass":1,"minecraft:diamond_boots":1,"minecraft:stone_axe":2,"minecraft:stone_shovel":2,"mythicmetals:aquarium_shovel":1},"minecraft:custom":{"minecraft:interact_with_crafting_table":197,"minecraft:open_barrel":72,"minecraft:bell_ring":21,"minecraft:eat_cake_slice":3,"minecraft:leave_game":12,"minecraft:time_since_death":389506,"minecraft:damage_blocked_by_shield":1245,"minecraft:play_time":1258971,"minecraft:deaths":30,"minecraft:jump":13501,"minecraft:enchant_item":3,"minecraft:interact_with_furnace":77,"minecraft:sleep_in_bed":20,"minecraft:damage_dealt":83011,"minecraft:interact_with_smoker":23,"minecraft:inspect_dispenser":3,"minecraft:horse_one_cm":110120,"minecraft:interact_with_anvil":15,"minecraft:inspect_hopper":6,"minecraft:damage_dealt_absorbed":240,"minecraft:sneak_time":83381,"minecraft:interact_with_lectern":1,"minecraft:interact_with_blast_furnace":32,"minecraft:total_world_time":1258971,"minecraft:tune_noteblock":2,"minecraft:interact_with_stonecutter":2,"minecraft:time_since_rest":15789,"minecraft:swim_one_cm":730086,"minecraft:fly_one_cm":2883277,"minecraft:open_chest":493,"minecraft:fall_one_cm":314691,"lootr:looted_stat":142,"minecraft:animals_bred":12,"minecraft:damage_resisted":0,"minecraft:sprint_one_cm":2685045,"minecraft:drop":958,"minecraft:talked_to_villager":86,"minecraft:interact_with_brewingstand":4,"minecraft:walk_on_water_one_cm":130191,"minecraft:interact_with_loom":2,"minecraft:open_enderchest":1,"minecraft:crouch_one_cm":321010,"minecraft:mob_kills":376,"minecraft:interact_with_campfire":17,"minecraft:damage_dealt_resisted":1361,"minecraft:climb_one_cm":40737,"minecraft:walk_one_cm":3302076,"minecraft:raid_win":1,"minecraft:walk_under_water_one_cm":601228,"minecraft:boat_one_cm":38167,"minecraft:raid_trigger":1,"minecraft:hex":0,"minecraft:damage_taken":19628,"minecraft:damage_absorbed":37,"minecraft:minecart_one_cm":37853,"minecraft:threat":31}},"DataVersion":3465}